date,gold_usd
2014-01-01,1204.5
2014-01-02,1225.0
2014-01-03,1234.5
2014-01-04,1234.5
2014-01-05,1234.5
2014-01-06,1246.25
2014-01-07,1227.5
2014-01-08,1221.0
2014-01-09,1226.0
2014-01-10,1244.25
2014-01-11,1244.25
2014-01-12,1244.25
2014-01-13,1248.0
2014-01-14,1251.5
2014-01-15,1236.0
2014-01-16,1241.5
2014-01-17,1250.0
2014-01-18,1250.0
2014-01-19,1250.0
2014-01-20,1255.75
2014-01-21,1238.0
2014-01-22,1241.0
2014-01-23,1263.0
2014-01-24,1267.0
2014-01-25,1267.0
2014-01-26,1267.0
2014-01-27,1260.5
2014-01-28,1251.25
2014-01-29,1264.0
2014-01-30,1242.5
2014-01-31,1251.0
2014-02-01,1251.0
2014-02-02,1251.0
2014-02-03,1262.0
2014-02-04,1250.25
2014-02-05,1254.5
2014-02-06,1256.5
2014-02-07,1259.25
2014-02-08,1259.25
2014-02-09,1259.25
2014-02-10,1277.0
2014-02-11,1282.0
2014-02-12,1289.5
2014-02-13,1296.0
2014-02-14,1320.0
2014-02-15,1320.0
2014-02-16,1320.0
2014-02-17,1327.5
2014-02-18,1320.75
2014-02-19,1320.5
2014-02-20,1316.25
2014-02-21,1323.25
2014-02-22,1323.25
2014-02-23,1323.25
2014-02-24,1334.75
2014-02-25,1339.0
2014-02-26,1331.75
2014-02-27,1332.25
2014-02-28,1326.5
2014-03-01,1326.5
2014-03-02,1326.5
2014-03-03,1349.5
2014-03-04,1334.75
2014-03-05,1337.0
2014-03-06,1345.25
2014-03-07,1335.25
2014-03-08,1335.25
2014-03-09,1335.25
2014-03-10,1344.0
2014-03-11,1346.25
2014-03-12,1366.0
2014-03-13,1368.75
2014-03-14,1385.0
2014-03-15,1385.0
2014-03-16,1385.0
2014-03-17,1378.5
2014-03-18,1355.75
2014-03-19,1338.0
2014-03-20,1327.0
2014-03-21,1336.0
2014-03-22,1336.0
2014-03-23,1336.0
2014-03-24,1310.75
2014-03-25,1313.5
2014-03-26,1304.0
2014-03-27,1296.0
2014-03-28,1294.75
2014-03-29,1294.75
2014-03-30,1294.75
2014-03-30,1294.75
2014-03-31,1291.75
2014-04-01,1283.75
2014-04-02,1292.0
2014-04-03,1284.0
2014-04-04,1297.25
2014-04-05,1297.25
2014-04-06,1297.25
2014-04-07,1299.0
2014-04-08,1309.5
2014-04-09,1301.75
2014-04-10,1320.5
2014-04-11,1318.0
2014-04-12,1318.0
2014-04-13,1318.0
2014-04-14,1325.75
2014-04-15,1298.0
2014-04-16,1301.5
2014-04-17,1299.0
2014-04-18,1299.0
2014-04-19,1299.0
2014-04-20,1299.0
2014-04-21,1299.0
2014-04-22,1286.75
2014-04-23,1285.25
2014-04-24,1291.5
2014-04-25,1301.25
2014-04-26,1301.25
2014-04-27,1301.25
2014-04-28,1299.0
2014-04-29,1297.75
2014-04-30,1288.5
2014-05-01,1278.5
2014-05-02,1281.25
2014-05-03,1281.25
2014-05-04,1281.25
2014-05-05,1281.25
2014-05-06,1306.25
2014-05-07,1296.0
2014-05-08,1287.0
2014-05-09,1291.25
2014-05-10,1291.25
2014-05-11,1291.25
2014-05-12,1298.75
2014-05-13,1296.5
2014-05-14,1305.25
2014-05-15,1299.0
2014-05-16,1291.5
2014-05-17,1291.5
2014-05-18,1291.5
2014-05-19,1302.0
2014-05-20,1295.5
2014-05-21,1287.25
2014-05-22,1298.5
2014-05-23,1291.5
2014-05-24,1291.5
2014-05-25,1291.5
2014-05-26,1291.5
2014-05-27,1275.5
2014-05-28,1263.5
2014-05-29,1255.0
2014-05-30,1250.5
2014-05-31,1250.5
2014-06-01,1250.5
2014-06-02,1247.25
2014-06-03,1242.75
2014-06-04,1245.25
2014-06-05,1252.5
2014-06-06,1247.5
2014-06-07,1247.5
2014-06-08,1247.5
2014-06-09,1253.5
2014-06-10,1259.5
2014-06-11,1262.0
2014-06-12,1265.75
2014-06-13,1273.0
2014-06-14,1273.0
2014-06-15,1273.0
2014-06-16,1276.25
2014-06-17,1267.5
2014-06-18,1269.75
2014-06-19,1293.0
2014-06-20,1312.5
2014-06-21,1312.5
2014-06-22,1312.5
2014-06-23,1313.5
2014-06-24,1318.5
2014-06-25,1316.75
2014-06-26,1311.75
2014-06-27,1317.5
2014-06-28,1317.5
2014-06-29,1317.5
2014-06-30,1315.0
2014-07-01,1327.5
2014-07-02,1326.5
2014-07-03,1317.5
2014-07-04,1319.25
2014-07-05,1319.25
2014-07-06,1319.25
2014-07-07,1313.0
2014-07-08,1323.0
2014-07-09,1322.75
2014-07-10,1340.25
2014-07-11,1335.0
2014-07-12,1335.0
2014-07-13,1335.0
2014-07-14,1306.0
2014-07-15,1310.0
2014-07-16,1301.0
2014-07-17,1302.5
2014-07-18,1307.25
2014-07-19,1307.25
2014-07-20,1307.25
2014-07-21,1311.5
2014-07-22,1310.25
2014-07-23,1308.0
2014-07-24,1292.75
2014-07-25,1294.75
2014-07-26,1294.75
2014-07-27,1294.75
2014-07-28,1304.5
2014-07-29,1299.25
2014-07-30,1294.5
2014-07-31,1285.25
2014-08-01,1291.25
2014-08-02,1291.25
2014-08-03,1291.25
2014-08-04,1290.5
2014-08-05,1284.75
2014-08-06,1306.5
2014-08-07,1305.25
2014-08-08,1309.75
2014-08-09,1309.75
2014-08-10,1309.75
2014-08-11,1307.25
2014-08-12,1315.75
2014-08-13,1312.0
2014-08-14,1313.5
2014-08-15,1296.0
2014-08-16,1296.0
2014-08-17,1296.0
2014-08-18,1296.75
2014-08-19,1296.5
2014-08-20,1295.0
2014-08-21,1275.25
2014-08-22,1277.25
2014-08-23,1277.25
2014-08-24,1277.25
2014-08-25,1277.25
2014-08-26,1286.0
2014-08-27,1282.75
2014-08-28,1292.0
2014-08-29,1285.75
2014-08-30,1285.75
2014-08-31,1285.75
2014-09-01,1286.5
2014-09-02,1267.0
2014-09-03,1265.5
2014-09-04,1271.5
2014-09-05,1266.0
2014-09-06,1266.0
2014-09-07,1266.0
2014-09-08,1259.0
2014-09-09,1255.75
2014-09-10,1251.0
2014-09-11,1241.25
2014-09-12,1231.5
2014-09-13,1231.5
2014-09-14,1231.5
2014-09-15,1234.25
2014-09-16,1232.25
2014-09-17,1236.0
2014-09-18,1220.5
2014-09-19,1219.75
2014-09-20,1219.75
2014-09-21,1219.75
2014-09-22,1213.5
2014-09-23,1222.0
2014-09-24,1217.25
2014-09-25,1213.75
2014-09-26,1213.75
2014-09-27,1213.75
2014-09-28,1213.75
2014-09-29,1219.5
2014-09-30,1216.5
2014-10-01,1216.5
2014-10-02,1211.75
2014-10-03,1195.0
2014-10-04,1195.0
2014-10-05,1195.0
2014-10-06,1195.75
2014-10-07,1210.5
2014-10-08,1217.0
2014-10-09,1226.75
2014-10-10,1219.0
2014-10-11,1219.0
2014-10-12,1219.0
2014-10-13,1229.0
2014-10-14,1234.75
2014-10-15,1237.5
2014-10-16,1237.75
2014-10-17,1234.25
2014-10-18,1234.25
2014-10-19,1234.25
2014-10-20,1244.5
2014-10-21,1250.25
2014-10-22,1243.75
2014-10-23,1232.75
2014-10-24,1232.75
2014-10-25,1232.75
2014-10-27,1228.75
2014-10-28,1229.25
2014-10-29,1223.5
2014-10-30,1202.0
2014-10-31,1164.25
2014-11-01,1164.25
2014-11-02,1164.25
2014-11-03,1167.75
2014-11-04,1166.5
2014-11-05,1142.0
2014-11-06,1145.0
2014-11-07,1154.5
2014-11-08,1154.5
2014-11-09,1154.5
2014-11-10,1162.0
2014-11-11,1156.5
2014-11-12,1164.5
2014-11-13,1161.75
2014-11-14,1169.0
2014-11-15,1169.0
2014-11-16,1169.0
2014-11-17,1182.5
2014-11-18,1192.75
2014-11-19,1196.0
2014-11-20,1190.0
2014-11-21,1203.75
2014-11-22,1203.75
2014-11-23,1203.75
2014-11-24,1197.5
2014-11-25,1199.0
2014-11-26,1197.5
2014-11-27,1194.75
2014-11-28,1182.75
2014-11-29,1182.75
2014-11-30,1182.75
2014-12-01,1194.0
2014-12-02,1195.0
2014-12-03,1204.75
2014-12-04,1209.0
2014-12-05,1194.0
2014-12-06,1194.0
2014-12-07,1194.0
2014-12-08,1193.0
2014-12-09,1227.0
2014-12-10,1229.0
2014-12-11,1216.25
2014-12-12,1217.0
2014-12-13,1217.0
2014-12-14,1217.0
2014-12-15,1209.25
2014-12-16,1202.5
2014-12-17,1195.75
2014-12-18,1199.0
2014-12-19,1195.5
2014-12-20,1195.5
2014-12-21,1195.5
2014-12-22,1195.25
2014-12-23,1175.75
2014-12-24,1175.75
2014-12-25,1175.75
2014-12-26,1175.75
2014-12-27,1175.75
2014-12-28,1175.75
2014-12-29,1185.5
2014-12-30,1206.0
2014-12-31,1206.0
2015-01-01,1206.0
2015-01-02,1172.0
2015-01-03,1172.0
2015-01-04,1172.0
2015-01-05,1200.0
2015-01-06,1210.25
2015-01-07,1210.5
2015-01-08,1215.5
2015-01-09,1217.75
2015-01-10,1217.75
2015-01-11,1217.75
2015-01-12,1226.5
2015-01-13,1231.5
2015-01-14,1235.0
2015-01-15,1259.0
2015-01-16,1277.5
2015-01-17,1277.5
2015-01-18,1277.5
2015-01-19,1273.75
2015-01-20,1288.75
2015-01-21,1293.5
2015-01-22,1295.75
2015-01-23,1294.75
2015-01-24,1294.75
2015-01-25,1294.75
2015-01-26,1281.25
2015-01-27,1288.5
2015-01-28,1288.0
2015-01-29,1268.75
2015-01-30,1260.25
2015-01-31,1260.25
2015-02-01,1260.25
2015-02-02,1272.5
2015-02-03,1264.25
2015-02-04,1268.5
2015-02-05,1259.25
2015-02-06,1241.0
2015-02-07,1241.0
2015-02-08,1241.0
2015-02-09,1238.5
2015-02-10,1234.5
2015-02-11,1223.75
2015-02-12,1222.5
2015-02-13,1232.5
2015-02-14,1232.5
2015-02-15,1232.5
2015-02-16,1229.25
2015-02-17,1209.5
2015-02-18,1206.0
2015-02-19,1209.5
2015-02-20,1208.25
2015-02-21,1208.25
2015-02-22,1208.25
2015-02-23,1204.5
2015-02-24,1192.5
2015-02-25,1204.75
2015-02-26,1208.25
2015-02-27,1214.0
2015-02-28,1214.0
2015-03-01,1214.0
2015-03-02,1212.5
2015-03-03,1212.75
2015-03-04,1199.5
2015-03-05,1202.0
2015-03-06,1175.75
2015-03-07,1175.75
2015-03-08,1175.75
2015-03-09,1168.5
2015-03-10,1162.0
2015-03-11,1150.0
2015-03-12,1152.25
2015-03-13,1152.0
2015-03-14,1152.0
2015-03-15,1152.0
2015-03-16,1150.75
2015-03-17,1150.75
2015-03-18,1147.25
2015-03-19,1166.0
2015-03-20,1183.1
2015-03-21,1183.1
2015-03-22,1183.1
2015-03-23,1186.25
2015-03-24,1191.5
2015-03-25,1195.6
2015-03-26,1203.15
2015-03-27,1195.75
2015-03-28,1195.75
2015-03-29,1195.75
2015-03-29,1195.75
2015-03-30,1185.5
2015-03-31,1187.0
2015-04-01,1197.0
2015-04-02,1198.5
2015-04-03,1198.5
2015-04-04,1198.5
2015-04-05,1198.5
2015-04-06,1198.5
2015-04-07,1211.0
2015-04-08,1207.25
2015-04-09,1194.8
2015-04-10,1207.35
2015-04-11,1207.35
2015-04-12,1207.35
2015-04-13,1198.9
2015-04-14,1194.75
2015-04-15,1192.9
2015-04-16,1204.35
2015-04-17,1203.35
2015-04-18,1203.35
2015-04-19,1203.35
2015-04-20,1196.5
2015-04-21,1195.3
2015-04-22,1189.25
2015-04-23,1185.75
2015-04-24,1183.0
2015-04-25,1183.0
2015-04-26,1183.0
2015-04-27,1200.0
2015-04-28,1209.0
2015-04-29,1209.0
2015-04-30,1180.25
2015-05-01,1175.95
2015-05-02,1175.95
2015-05-03,1175.95
2015-05-04,1175.95
2015-05-05,1197.0
2015-05-06,1194.25
2015-05-07,1187.0
2015-05-08,1186.0
2015-05-09,1186.0
2015-05-10,1186.0
2015-05-11,1189.25
2015-05-12,1191.5
2015-05-13,1210.5
2015-05-14,1225.0
2015-05-15,1220.5
2015-05-16,1220.5
2015-05-17,1220.5
2015-05-18,1223.5
2015-05-19,1214.3
2015-05-20,1210.5
2015-05-21,1205.0
2015-05-22,1204.1
2015-05-23,1204.1
2015-05-24,1204.1
2015-05-25,1204.1
2015-05-26,1185.4
2015-05-27,1185.85
2015-05-28,1185.0
2015-05-29,1191.4
2015-05-30,1191.4
2015-05-31,1191.4
2015-06-01,1199.9
2015-06-02,1192.8
2015-06-03,1190.0
2015-06-04,1176.0
2015-06-05,1164.6
2015-06-06,1164.6
2015-06-07,1164.6
2015-06-08,1172.8
2015-06-09,1177.4
2015-06-10,1188.5
2015-06-11,1178.5
2015-06-12,1182.8
2015-06-13,1182.8
2015-06-14,1182.8
2015-06-15,1181.4
2015-06-16,1177.75
2015-06-17,1178.0
2015-06-18,1201.85
2015-06-19,1203.4
2015-06-20,1203.4
2015-06-21,1203.4
2015-06-22,1185.5
2015-06-23,1178.0
2015-06-24,1173.75
2015-06-25,1172.65
2015-06-26,1170.5
2015-06-27,1170.5
2015-06-28,1170.5
2015-06-29,1176.0
2015-06-30,1171.0
2015-07-01,1168.0
2015-07-02,1165.25
2015-07-03,1167.95
2015-07-04,1167.95
2015-07-05,1167.95
2015-07-06,1166.0
2015-07-07,1156.25
2015-07-08,1158.5
2015-07-09,1164.25
2015-07-10,1159.3
2015-07-11,1159.3
2015-07-12,1159.3
2015-07-13,1154.0
2015-07-14,1157.4
2015-07-15,1147.4
2015-07-16,1144.4
2015-07-17,1132.8
2015-07-18,1132.8
2015-07-19,1132.8
2015-07-20,1104.6
2015-07-21,1105.6
2015-07-22,1088.6
2015-07-23,1097.4
2015-07-24,1080.8
2015-07-25,1080.8
2015-07-26,1080.8
2015-07-27,1100.0
2015-07-28,1096.2
2015-07-29,1090.25
2015-07-30,1087.5
2015-07-31,1098.4
2015-08-01,1098.4
2015-08-02,1098.4
2015-08-03,1091.9
2015-08-04,1090.65
2015-08-05,1085.1
2015-08-06,1089.75
2015-08-07,1093.5
2015-08-08,1093.5
2015-08-09,1093.5
2015-08-10,1097.0
2015-08-11,1108.25
2015-08-12,1119.0
2015-08-13,1116.75
2015-08-14,1118.25
2015-08-15,1118.25
2015-08-16,1118.25
2015-08-17,1118.8
2015-08-18,1111.45
2015-08-19,1126.15
2015-08-20,1147.7
2015-08-21,1156.5
2015-08-22,1156.5
2015-08-23,1156.5
2015-08-24,1166.5
2015-08-25,1137.5
2015-08-26,1120.75
2015-08-27,1119.0
2015-08-28,1135.0
2015-08-29,1135.0
2015-08-30,1135.0
2015-08-31,1135.0
2015-09-01,1142.3
2015-09-02,1137.75
2015-09-03,1128.0
2015-09-04,1118.25
2015-09-05,1118.25
2015-09-06,1118.25
2015-09-07,1119.5
2015-09-08,1121.15
2015-09-09,1109.85
2015-09-10,1109.5
2015-09-11,1100.25
2015-09-12,1100.25
2015-09-13,1100.25
2015-09-14,1104.8
2015-09-15,1105.95
2015-09-16,1117.6
2015-09-17,1117.5
2015-09-18,1141.5
2015-09-19,1141.5
2015-09-20,1141.5
2015-09-21,1133.25
2015-09-22,1122.9
2015-09-23,1131.35
2015-09-24,1154.5
2015-09-25,1146.65
2015-09-26,1146.65
2015-09-27,1146.65
2015-09-28,1131.05
2015-09-29,1132.1
2015-09-30,1114.0
2015-10-01,1119.0
2015-10-02,1140.75
2015-10-03,1140.75
2015-10-04,1140.75
2015-10-05,1139.75
2015-10-06,1147.5
2015-10-07,1144.6
2015-10-08,1140.0
2015-10-09,1151.55
2015-10-10,1151.55
2015-10-11,1151.55
2015-10-12,1164.9
2015-10-13,1165.2
2015-10-14,1173.9
2015-10-15,1184.25
2015-10-16,1180.85
2015-10-17,1180.85
2015-10-18,1180.85
2015-10-19,1175.4
2015-10-20,1177.75
2015-10-21,1167.1
2015-10-22,1167.0
2015-10-23,1161.25
2015-10-24,1161.25
2015-10-26,1166.4
2015-10-27,1165.7
2015-10-28,1179.6
2015-10-29,1148.6
2015-10-30,1142.35
2015-10-31,1142.35
2015-11-01,1142.35
2015-11-02,1134.0
2015-11-03,1123.1
2015-11-04,1114.7
2015-11-05,1106.3
2015-11-06,1088.9
2015-11-07,1088.9
2015-11-08,1088.9
2015-11-09,1089.6
2015-11-10,1087.1
2015-11-11,1085.9
2015-11-12,1087.4
2015-11-13,1081.5
2015-11-14,1081.5
2015-11-15,1081.5
2015-11-16,1084.75
2015-11-17,1079.2
2015-11-18,1067.75
2015-11-19,1082.6
2015-11-20,1081.75
2015-11-21,1081.75
2015-11-22,1081.75
2015-11-23,1070.5
2015-11-24,1076.4
2015-11-25,1068.0
2015-11-26,1071.0
2015-11-27,1057.4
2015-11-28,1057.4
2015-11-29,1057.4
2015-11-30,1061.9
2015-12-01,1065.4
2015-12-02,1055.4
2015-12-03,1055.45
2015-12-04,1079.25
2015-12-05,1079.25
2015-12-06,1079.25
2015-12-07,1075.8
2015-12-08,1072.1
2015-12-09,1081.0
2015-12-10,1071.0
2015-12-11,1072.5
2015-12-12,1072.5
2015-12-13,1072.5
2015-12-14,1068.25
2015-12-15,1061.5
2015-12-16,1075.25
2015-12-17,1049.4
2015-12-18,1062.5
2015-12-19,1062.5
2015-12-20,1062.5
2015-12-21,1078.75
2015-12-22,1074.9
2015-12-23,1068.25
2015-12-24,1068.25
2015-12-25,1068.25
2015-12-26,1068.25
2015-12-27,1068.25
2015-12-28,1068.25
2015-12-29,1070.1
2015-12-30,1060.0
2015-12-31,1060.0
2016-01-01,1060.0
2016-01-02,1060.0
2016-01-03,1060.0
2016-01-04,1082.25
2016-01-05,1077.0
2016-01-06,1091.4
2016-01-07,1106.35
2016-01-08,1101.85
2016-01-09,1101.85
2016-01-10,1101.85
2016-01-11,1100.75
2016-01-12,1085.4
2016-01-13,1088.15
2016-01-14,1088.4
2016-01-15,1093.75
2016-01-16,1093.75
2016-01-17,1093.75
2016-01-18,1089.2
2016-01-19,1086.25
2016-01-20,1101.75
2016-01-21,1096.5
2016-01-22,1096.25
2016-01-23,1096.25
2016-01-24,1096.25
2016-01-25,1106.6
2016-01-26,1113.6
2016-01-27,1116.25
2016-01-28,1114.0
2016-01-29,1111.8
2016-01-30,1111.8
2016-01-31,1111.8
2016-02-01,1126.5
2016-02-02,1128.5
2016-02-03,1132.0
2016-02-04,1156.35
2016-02-05,1150.35
2016-02-06,1150.35
2016-02-07,1150.35
2016-02-08,1193.25
2016-02-09,1191.0
2016-02-10,1190.0
2016-02-11,1241.0
2016-02-12,1239.75
2016-02-13,1239.75
2016-02-14,1239.75
2016-02-15,1208.2
2016-02-16,1209.5
2016-02-17,1210.0
2016-02-18,1210.1
2016-02-19,1231.15
2016-02-20,1231.15
2016-02-21,1231.15
2016-02-22,1211.0
2016-02-23,1221.35
2016-02-24,1250.75
2016-02-25,1236.0
2016-02-26,1226.5
2016-02-27,1226.5
2016-02-28,1226.5
2016-02-29,1234.9
2016-03-01,1236.5
2016-03-02,1239.2
2016-03-03,1250.25
2016-03-04,1277.5
2016-03-05,1277.5
2016-03-06,1277.5
2016-03-07,1267.9
2016-03-08,1267.0
2016-03-09,1246.4
2016-03-10,1266.5
2016-03-11,1264.75
2016-03-12,1264.75
2016-03-13,1264.75
2016-03-14,1242.75
2016-03-15,1232.0
2016-03-16,1228.5
2016-03-17,1266.5
2016-03-18,1252.1
2016-03-19,1252.1
2016-03-20,1252.1
2016-03-21,1244.9
2016-03-22,1252.5
2016-03-23,1217.6
2016-03-24,1221.0
2016-03-25,1221.0
2016-03-26,1221.0
2016-03-27,1221.0
2016-03-27,1221.0
2016-03-28,1221.0
2016-03-29,1226.0
2016-03-30,1236.25
2016-03-31,1237.0
2016-04-01,1213.6
2016-04-02,1213.6
2016-04-03,1213.6
2016-04-04,1219.75
2016-04-05,1231.25
2016-04-06,1221.4
2016-04-07,1242.1
2016-04-08,1239.5
2016-04-09,1239.5
2016-04-10,1239.5
2016-04-11,1254.75
2016-04-12,1254.6
2016-04-13,1245.75
2016-04-14,1233.85
2016-04-15,1227.1
2016-04-16,1227.1
2016-04-17,1227.1
2016-04-18,1234.3
2016-04-19,1255.4
2016-04-20,1252.0
2016-04-21,1249.25
2016-04-22,1243.25
2016-04-23,1243.25
2016-04-24,1243.25
2016-04-25,1238.9
2016-04-26,1241.7
2016-04-27,1247.4
2016-04-28,1256.0
2016-04-29,1285.65
2016-04-30,1285.65
2016-05-01,1285.65
2016-05-02,1285.65
2016-05-03,1294.0
2016-05-04,1283.0
2016-05-05,1280.25
2016-05-06,1289.0
2016-05-07,1289.0
2016-05-08,1289.0
2016-05-09,1265.25
2016-05-10,1262.8
2016-05-11,1276.85
2016-05-12,1279.25
2016-05-13,1265.9
2016-05-14,1265.9
2016-05-15,1265.9
2016-05-16,1285.75
2016-05-17,1277.0
2016-05-18,1272.9
2016-05-19,1246.25
2016-05-20,1254.2
2016-05-21,1254.2
2016-05-22,1254.2
2016-05-23,1245.9
2016-05-24,1236.85
2016-05-25,1220.6
2016-05-26,1223.85
2016-05-27,1216.25
2016-05-28,1216.25
2016-05-29,1216.25
2016-05-30,1216.25
2016-05-31,1212.1
2016-06-01,1214.5
2016-06-02,1212.4
2016-06-03,1240.5
2016-06-04,1240.5
2016-06-05,1240.5
2016-06-06,1244.0
2016-06-07,1241.0
2016-06-08,1263.0
2016-06-09,1263.9
2016-06-10,1275.5
2016-06-11,1275.5
2016-06-12,1275.5
2016-06-13,1280.8
2016-06-14,1287.15
2016-06-15,1283.3
2016-06-16,1310.75
2016-06-17,1290.7
2016-06-18,1290.7
2016-06-19,1290.7
2016-06-20,1281.8
2016-06-21,1272.6
2016-06-22,1264.85
2016-06-23,1262.15
2016-06-24,1315.5
2016-06-25,1315.5
2016-06-26,1315.5
2016-06-27,1324.55
2016-06-28,1309.7
2016-06-29,1321.5
2016-06-30,1320.75
2016-07-01,1340.0
2016-07-02,1340.0
2016-07-03,1340.0
2016-07-04,1350.75
2016-07-05,1350.75
2016-07-06,1366.25
2016-07-07,1356.7
2016-07-08,1354.25
2016-07-09,1354.25
2016-07-10,1354.25
2016-07-11,1357.1
2016-07-12,1342.4
2016-07-13,1342.75
2016-07-14,1323.6
2016-07-15,1327.0
2016-07-16,1327.0
2016-07-17,1327.0
2016-07-18,1334.7
2016-07-19,1330.9
2016-07-20,1315.9
2016-07-21,1321.15
2016-07-22,1320.75
2016-07-23,1320.75
2016-07-24,1320.75
2016-07-25,1313.15
2016-07-26,1323.0
2016-07-27,1329.0
2016-07-28,1341.75
2016-07-29,1342.0
2016-07-30,1342.0
2016-07-31,1342.0
2016-08-01,1349.65
2016-08-02,1363.75
2016-08-03,1358.9
2016-08-04,1362.75
2016-08-05,1340.4
2016-08-06,1340.4
2016-08-07,1340.4
2016-08-08,1336.8
2016-08-09,1341.0
2016-08-10,1347.7
2016-08-11,1355.0
2016-08-12,1352.2
2016-08-13,1352.2
2016-08-14,1352.2
2016-08-15,1339.4
2016-08-16,1344.0
2016-08-17,1343.35
2016-08-18,1350.05
2016-08-19,1346.4
2016-08-20,1346.4
2016-08-21,1346.4
2016-08-22,1335.9
2016-08-23,1342.0
2016-08-24,1327.25
2016-08-25,1321.3
2016-08-26,1318.75
2016-08-27,1318.75
2016-08-28,1318.75
2016-08-29,1318.75
2016-08-30,1318.15
2016-08-31,1309.25
2016-09-01,1309.5
2016-09-02,1324.7
2016-09-03,1324.7
2016-09-04,1324.7
2016-09-05,1326.35
2016-09-06,1337.25
2016-09-07,1348.35
2016-09-08,1343.4
2016-09-09,1330.85
2016-09-10,1330.85
2016-09-11,1330.85
2016-09-12,1324.6
2016-09-13,1323.65
2016-09-14,1321.75
2016-09-15,1310.8
2016-09-16,1308.35
2016-09-17,1308.35
2016-09-18,1308.35
2016-09-19,1314.85
2016-09-20,1313.8
2016-09-21,1326.1
2016-09-22,1339.1
2016-09-23,1338.65
2016-09-24,1338.65
2016-09-25,1338.65
2016-09-26,1340.5
2016-09-27,1327.0
2016-09-28,1322.5
2016-09-29,1318.1
2016-09-30,1322.5
2016-10-01,1322.5
2016-10-02,1322.5
2016-10-03,1313.3
2016-10-04,1283.3
2016-10-05,1269.4
2016-10-06,1254.5
2016-10-07,1258.75
2016-10-08,1258.75
2016-10-09,1258.75
2016-10-10,1259.5
2016-10-11,1253.45
2016-10-12,1256.5
2016-10-13,1261.05
2016-10-14,1251.75
2016-10-15,1251.75
2016-10-16,1251.75
2016-10-17,1254.8
2016-10-18,1258.2
2016-10-19,1269.05
2016-10-20,1271.65
2016-10-21,1266.05
2016-10-22,1266.05
2016-10-23,1266.05
2016-10-24,1265.55
2016-10-25,1269.4
2016-10-26,1270.5
2016-10-27,1266.25
2016-10-28,1273.0
2016-10-29,1273.0
2016-10-31,1272.0
2016-11-01,1288.45
2016-11-02,1303.75
2016-11-03,1301.0
2016-11-04,1302.8
2016-11-05,1302.8
2016-11-06,1302.8
2016-11-07,1283.05
2016-11-08,1282.35
2016-11-09,1281.4
2016-11-10,1267.5
2016-11-11,1236.45
2016-11-12,1236.45
2016-11-13,1236.45
2016-11-14,1213.6
2016-11-15,1226.95
2016-11-16,1229.2
2016-11-17,1226.75
2016-11-18,1211.0
2016-11-19,1211.0
2016-11-20,1211.0
2016-11-21,1214.25
2016-11-22,1212.25
2016-11-23,1185.35
2016-11-24,1186.1
2016-11-25,1187.7
2016-11-26,1187.7
2016-11-27,1187.7
2016-11-28,1187.0
2016-11-29,1186.55
2016-11-30,1178.1
2016-12-01,1161.85
2016-12-02,1173.5
2016-12-03,1173.5
2016-12-04,1173.5
2016-12-05,1162.2
2016-12-06,1172.5
2016-12-07,1177.65
2016-12-08,1171.05
2016-12-09,1163.6
2016-12-10,1163.6
2016-12-11,1163.6
2016-12-12,1156.1
2016-12-13,1158.55
2016-12-14,1162.25
2016-12-15,1126.95
2016-12-16,1131.6
2016-12-17,1131.6
2016-12-18,1131.6
2016-12-19,1136.25
2016-12-20,1125.7
2016-12-21,1133.65
2016-12-22,1131.35
2016-12-23,1131.35
2016-12-24,1131.35
2016-12-25,1131.35
2016-12-26,1131.35
2016-12-27,1131.35
2016-12-28,1134.6
2016-12-29,1145.9
2016-12-30,1145.9
2016-12-31,1145.9
2017-01-01,1145.9
2017-01-02,1145.9
2017-01-03,1151.0
2017-01-04,1164.25
2017-01-05,1176.7
2017-01-06,1175.85
2017-01-07,1175.85
2017-01-08,1175.85
2017-01-09,1178.5
2017-01-10,1189.5
2017-01-11,1178.55
2017-01-12,1205.05
2017-01-13,1190.35
2017-01-14,1190.35
2017-01-15,1190.35
2017-01-16,1203.0
2017-01-17,1216.05
2017-01-18,1214.75
2017-01-19,1196.05
2017-01-20,1200.55
2017-01-21,1200.55
2017-01-22,1200.55
2017-01-23,1212.85
2017-01-24,1216.8
2017-01-25,1195.0
2017-01-26,1189.7
2017-01-27,1184.85
2017-01-28,1184.85
2017-01-29,1184.85
2017-01-30,1192.8
2017-01-31,1212.8
2017-02-01,1203.65
2017-02-02,1221.95
2017-02-03,1215.2
2017-02-04,1215.2
2017-02-05,1215.2
2017-02-06,1226.75
2017-02-07,1231.0
2017-02-08,1242.1
2017-02-09,1236.8
2017-02-10,1228.3
2017-02-11,1228.3
2017-02-12,1228.3
2017-02-13,1222.25
2017-02-14,1230.75
2017-02-15,1224.4
2017-02-16,1240.55
2017-02-17,1241.95
2017-02-18,1241.95
2017-02-19,1241.95
2017-02-20,1237.3
2017-02-21,1233.2
2017-02-22,1236.65
2017-02-23,1247.9
2017-02-24,1253.65
2017-02-25,1253.65
2017-02-26,1253.65
2017-02-27,1257.2
2017-02-28,1255.6
2017-03-01,1240.4
2017-03-02,1238.1
2017-03-03,1226.5
2017-03-04,1226.5
2017-03-05,1226.5
2017-03-06,1230.95
2017-03-07,1216.65
2017-03-08,1209.2
2017-03-09,1206.55
2017-03-10,1202.65
2017-03-11,1202.65
2017-03-12,1202.65
2017-03-13,1204.2
2017-03-14,1204.6
2017-03-15,1198.8
2017-03-16,1229.35
2017-03-17,1229.6
2017-03-18,1229.6
2017-03-19,1229.6
2017-03-20,1232.4
2017-03-21,1241.6
2017-03-22,1249.05
2017-03-23,1247.5
2017-03-24,1247.5
2017-03-25,1247.5
2017-03-26,1247.5
2017-03-26,1247.5
2017-03-27,1257.55
2017-03-28,1257.25
2017-03-29,1251.1
2017-03-30,1248.8
2017-03-31,1244.85
2017-04-01,1244.85
2017-04-02,1244.85
2017-04-03,1247.25
2017-04-04,1257.65
2017-04-05,1245.8
2017-04-06,1252.5
2017-04-07,1266.45
2017-04-08,1266.45
2017-04-09,1266.45
2017-04-10,1250.05
2017-04-11,1252.9
2017-04-12,1274.3
2017-04-13,1284.15
2017-04-14,1284.15
2017-04-15,1284.15
2017-04-16,1284.15
2017-04-17,1284.15
2017-04-18,1278.95
2017-04-19,1279.05
2017-04-20,1282.1
2017-04-21,1281.85
2017-04-22,1281.85
2017-04-23,1281.85
2017-04-24,1269.4
2017-04-25,1267.8
2017-04-26,1261.85
2017-04-27,1262.8
2017-04-28,1266.45
2017-04-29,1266.45
2017-04-30,1266.45
2017-05-01,1266.45
2017-05-02,1255.45
2017-05-03,1250.3
2017-05-04,1228.45
2017-05-05,1228.05
2017-05-06,1228.05
2017-05-07,1228.05
2017-05-08,1229.8
2017-05-09,1220.4
2017-05-10,1222.95
2017-05-11,1223.15
2017-05-12,1231.25
2017-05-13,1231.25
2017-05-14,1231.25
2017-05-15,1233.3
2017-05-16,1234.2
2017-05-17,1257.4
2017-05-18,1255.9
2017-05-19,1252.0
2017-05-20,1252.0
2017-05-21,1252.0
2017-05-22,1258.85
2017-05-23,1260.2
2017-05-24,1252.55
2017-05-25,1256.95
2017-05-26,1265.05
2017-05-27,1265.05
2017-05-28,1265.05
2017-05-29,1265.05
2017-05-30,1262.7
2017-05-31,1266.2
2017-06-01,1264.85
2017-06-02,1274.95
2017-06-03,1274.95
2017-06-04,1274.95
2017-06-05,1279.95
2017-06-06,1293.5
2017-06-07,1291.0
2017-06-08,1273.1
2017-06-09,1266.55
2017-06-10,1266.55
2017-06-11,1266.55
2017-06-12,1266.4
2017-06-13,1262.0
2017-06-14,1275.5
2017-06-15,1254.55
2017-06-16,1255.4
2017-06-17,1255.4
2017-06-18,1255.4
2017-06-19,1248.15
2017-06-20,1242.2
2017-06-21,1242.5
2017-06-22,1250.8
2017-06-23,1255.7
2017-06-24,1255.7
2017-06-25,1255.7
2017-06-26,1245.25
2017-06-27,1249.55
2017-06-28,1248.0
2017-06-29,1243.5
2017-06-30,1242.25
2017-07-01,1242.25
2017-07-02,1242.25
2017-07-03,1229.25
2017-07-04,1223.75
2017-07-05,1220.3
2017-07-06,1224.9
2017-07-07,1215.65
2017-07-08,1215.65
2017-07-09,1215.65
2017-07-10,1211.9
2017-07-11,1211.05
2017-07-12,1218.8
2017-07-13,1218.9
2017-07-14,1230.3
2017-07-15,1230.3
2017-07-16,1230.3
2017-07-17,1234.1
2017-07-18,1240.75
2017-07-19,1242.15
2017-07-20,1238.7
2017-07-21,1248.55
2017-07-22,1248.55
2017-07-23,1248.55
2017-07-24,1255.55
2017-07-25,1254.4
2017-07-26,1248.1
2017-07-27,1261.1
2017-07-28,1264.9
2017-07-29,1264.9
2017-07-30,1264.9
2017-07-31,1267.55
2017-08-01,1270.95
2017-08-02,1269.6
2017-08-03,1268.1
2017-08-04,1257.7
2017-08-05,1257.7
2017-08-06,1257.7
2017-08-07,1258.0
2017-08-08,1261.8
2017-08-09,1271.05
2017-08-10,1284.4
2017-08-11,1286.1
2017-08-12,1286.1
2017-08-13,1286.1
2017-08-14,1282.3
2017-08-15,1282.3
2017-08-16,1272.75
2017-08-17,1285.15
2017-08-18,1295.8
2017-08-19,1295.8
2017-08-20,1295.8
2017-08-21,1292.9
2017-08-22,1284.2
2017-08-23,1286.65
2017-08-24,1289.0
2017-08-25,1285.3
2017-08-26,1285.3
2017-08-27,1285.3
2017-08-28,1285.3
2017-08-29,1318.65
2017-08-30,1308.5
2017-08-31,1311.75
2017-09-01,1320.4
2017-09-02,1320.4
2017-09-03,1320.4
2017-09-04,1333.1
2017-09-05,1335.55
2017-09-06,1337.85
2017-09-07,1343.5
2017-09-08,1346.25
2017-09-09,1346.25
2017-09-10,1346.25
2017-09-11,1334.2
2017-09-12,1326.5
2017-09-13,1327.55
2017-09-14,1324.55
2017-09-15,1322.85
2017-09-16,1322.85
2017-09-17,1322.85
2017-09-18,1312.1
2017-09-19,1309.6
2017-09-20,1311.3
2017-09-21,1292.1
2017-09-22,1294.8
2017-09-23,1294.8
2017-09-24,1294.8
2017-09-25,1293.3
2017-09-26,1300.05
2017-09-27,1282.55
2017-09-28,1283.35
2017-09-29,1283.1
2017-09-30,1283.1
2017-10-01,1283.1
2017-10-02,1273.7
2017-10-03,1271.25
2017-10-04,1274.25
2017-10-05,1274.5
2017-10-06,1261.8
2017-10-07,1261.8
2017-10-08,1261.8
2017-10-09,1278.75
2017-10-10,1291.4
2017-10-11,1289.25
2017-10-12,1290.25
2017-10-13,1299.6
2017-10-14,1299.6
2017-10-15,1299.6
2017-10-16,1303.3
2017-10-17,1284.75
2017-10-18,1280.2
2017-10-19,1286.4
2017-10-20,1281.2
2017-10-21,1281.2
2017-10-22,1281.2
2017-10-23,1274.9
2017-10-24,1276.45
2017-10-25,1275.0
2017-10-26,1273.75
2017-10-27,1266.45
2017-10-28,1266.45
2017-10-30,1272.0
2017-10-31,1270.15
2017-11-01,1277.05
2017-11-02,1279.2
2017-11-03,1267.2
2017-11-04,1267.2
2017-11-05,1267.2
2017-11-06,1270.9
2017-11-07,1275.6
2017-11-08,1284.0
2017-11-09,1284.8
2017-11-10,1284.3
2017-11-11,1284.3
2017-11-12,1284.3
2017-11-13,1277.95
2017-11-14,1274.6
2017-11-15,1282.2
2017-11-16,1280.0
2017-11-17,1284.35
2017-11-18,1284.35
2017-11-19,1284.35
2017-11-20,1286.2
2017-11-21,1283.3
2017-11-22,1286.95
2017-11-23,1290.35
2017-11-24,1290.5
2017-11-25,1290.5
2017-11-26,1290.5
2017-11-27,1294.9
2017-11-28,1291.85
2017-11-29,1283.85
2017-11-30,1280.2
2017-12-01,1275.5
2017-12-02,1275.5
2017-12-03,1275.5
2017-12-04,1273.45
2017-12-05,1266.3
2017-12-06,1263.7
2017-12-07,1255.0
2017-12-08,1250.65
2017-12-09,1250.65
2017-12-10,1250.65
2017-12-11,1247.15
2017-12-12,1240.9
2017-12-13,1242.65
2017-12-14,1251.0
2017-12-15,1254.6
2017-12-16,1254.6
2017-12-17,1254.6
2017-12-18,1260.6
2017-12-19,1260.35
2017-12-20,1264.55
2017-12-21,1264.55
2017-12-22,1264.55
2017-12-23,1264.55
2017-12-24,1264.55
2017-12-25,1264.55
2017-12-26,1264.55
2017-12-27,1279.4
2017-12-28,1291.0
2017-12-29,1291.0
2017-12-30,1291.0
2017-12-31,1291.0
2018-01-01,1291.0
2018-01-02,1312.05
2018-01-03,1314.9
2018-01-04,1314.5
2018-01-05,1317.15
2018-01-06,1317.15
2018-01-07,1317.15
2018-01-08,1319.95
2018-01-09,1311.0
2018-01-10,1319.75
2018-01-11,1323.05
2018-01-12,1326.8
2018-01-13,1326.8
2018-01-14,1326.8
2018-01-15,1339.25
2018-01-16,1333.85
2018-01-17,1335.65
2018-01-18,1332.2
2018-01-19,1334.95
2018-01-20,1334.95
2018-01-21,1334.95
2018-01-22,1332.6
2018-01-23,1333.4
2018-01-24,1353.7
2018-01-25,1354.95
2018-01-26,1353.15
2018-01-27,1353.15
2018-01-28,1353.15
2018-01-29,1343.85
2018-01-30,1344.9
2018-01-31,1345.05
2018-02-01,1341.35
2018-02-02,1331.15
2018-02-03,1331.15
2018-02-04,1331.15
2018-02-05,1333.6
2018-02-06,1331.4
2018-02-07,1324.65
2018-02-08,1315.45
2018-02-09,1314.1
2018-02-10,1314.1
2018-02-11,1314.1
2018-02-12,1322.3
2018-02-13,1325.35
2018-02-14,1336.25
2018-02-15,1352.45
2018-02-16,1352.1
2018-02-17,1352.1
2018-02-18,1352.1
2018-02-19,1346.6
2018-02-20,1339.85
2018-02-21,1330.5
2018-02-22,1328.35
2018-02-23,1327.95
2018-02-24,1327.95
2018-02-25,1327.95
2018-02-26,1333.5
2018-02-27,1325.75
2018-02-28,1317.85
2018-03-01,1307.75
2018-03-02,1322.3
2018-03-03,1322.3
2018-03-04,1322.3
2018-03-05,1320.4
2018-03-06,1331.4
2018-03-07,1329.4
2018-03-08,1321.0
2018-03-09,1320.6
2018-03-10,1320.6
2018-03-11,1320.6
2018-03-12,1319.15
2018-03-13,1322.75
2018-03-14,1323.55
2018-03-15,1318.75
2018-03-16,1310.1
2018-03-17,1310.1
2018-03-18,1310.1
2018-03-19,1312.4
2018-03-20,1311.0
2018-03-21,1321.35
2018-03-22,1329.15
2018-03-23,1346.6
2018-03-24,1346.6
2018-03-25,1346.6
2018-03-25,1346.6
2018-03-26,1352.4
2018-03-27,1341.45
2018-03-28,1332.45
2018-03-29,1323.85
2018-03-30,1323.85
2018-03-31,1323.85
2018-04-01,1323.85
2018-04-02,1323.85
2018-04-03,1333.45
2018-04-04,1337.3
2018-04-05,1327.7
2018-04-06,1331.2
2018-04-07,1331.2
2018-04-08,1331.2
2018-04-09,1331.95
2018-04-10,1338.95
2018-04-11,1350.75
2018-04-12,1341.35
2018-04-13,1343.7
2018-04-14,1343.7
2018-04-15,1343.7
2018-04-16,1349.35
2018-04-17,1342.1
2018-04-18,1351.45
2018-04-19,1348.6
2018-04-20,1336.75
2018-04-21,1336.75
2018-04-22,1336.75
2018-04-23,1324.3
2018-04-24,1328.85
2018-04-25,1321.65
2018-04-26,1320.7
2018-04-27,1321.5
2018-04-28,1321.5
2018-04-29,1321.5
2018-04-30,1313.2
2018-05-01,1307.1
2018-05-02,1304.2
2018-05-03,1315.05
2018-05-04,1309.4
2018-05-05,1309.4
2018-05-06,1309.4
2018-05-07,1309.4
2018-05-08,1306.6
2018-05-09,1313.85
2018-05-10,1318.8
2018-05-11,1324.35
2018-05-12,1324.35
2018-05-13,1324.35
2018-05-14,1319.85
2018-05-15,1295.0
2018-05-16,1291.25
2018-05-17,1289.5
2018-05-18,1288.3
2018-05-19,1288.3
2018-05-20,1288.3
2018-05-21,1288.35
2018-05-22,1293.05
2018-05-23,1289.0
2018-05-24,1304.85
2018-05-25,1303.5
2018-05-26,1303.5
2018-05-27,1303.5
2018-05-28,1303.5
2018-05-29,1295.5
2018-05-30,1300.7
2018-05-31,1305.35
2018-06-01,1294.6
2018-06-02,1294.6
2018-06-03,1294.6
2018-06-04,1295.45
2018-06-05,1292.05
2018-06-06,1300.1
2018-06-07,1297.25
2018-06-08,1298.25
2018-06-09,1298.25
2018-06-10,1298.25
2018-06-11,1299.6
2018-06-12,1298.65
2018-06-13,1296.15
2018-06-14,1302.75
2018-06-15,1285.25
2018-06-16,1285.25
2018-06-17,1285.25
2018-06-18,1281.55
2018-06-19,1276.15
2018-06-20,1274.2
2018-06-21,1266.15
2018-06-22,1269.15
2018-06-23,1269.15
2018-06-24,1269.15
2018-06-25,1268.7
2018-06-26,1260.3
2018-06-27,1254.6
2018-06-28,1251.55
2018-06-29,1250.45
2018-06-30,1250.45
2018-07-01,1250.45
2018-07-02,1247.8
2018-07-03,1251.75
2018-07-04,1255.65
2018-07-05,1255.5
2018-07-06,1255.35
2018-07-07,1255.35
2018-07-08,1255.35
2018-07-09,1262.05
2018-07-10,1254.0
2018-07-11,1251.4
2018-07-12,1245.9
2018-07-13,1241.7
2018-07-14,1241.7
2018-07-15,1241.7
2018-07-16,1241.1
2018-07-17,1232.8
2018-07-18,1224.5
2018-07-19,1217.55
2018-07-20,1228.75
2018-07-21,1228.75
2018-07-22,1228.75
2018-07-23,1224.95
2018-07-24,1228.35
2018-07-25,1231.5
2018-07-26,1228.25
2018-07-27,1223.95
2018-07-28,1223.95
2018-07-29,1223.95
2018-07-30,1223.8
2018-07-31,1220.95
2018-08-01,1219.0
2018-08-02,1215.45
2018-08-03,1216.3
2018-08-04,1216.3
2018-08-05,1216.3
2018-08-06,1209.65
2018-08-07,1212.35
2018-08-08,1209.55
2018-08-09,1214.35
2018-08-10,1214.4
2018-08-11,1214.4
2018-08-12,1214.4
2018-08-13,1200.35
2018-08-14,1197.0
2018-08-15,1182.0
2018-08-16,1180.4
2018-08-17,1178.4
2018-08-18,1178.4
2018-08-19,1178.4
2018-08-20,1184.35
2018-08-21,1190.95
2018-08-22,1196.65
2018-08-23,1192.35
2018-08-24,1197.7
2018-08-25,1197.7
2018-08-26,1197.7
2018-08-27,1197.7
2018-08-28,1212.25
2018-08-29,1204.2
2018-08-30,1197.3
2018-08-31,1202.45
2018-09-01,1202.45
2018-09-02,1202.45
2018-09-03,1200.05
2018-09-04,1190.85
2018-09-05,1196.7
2018-09-06,1205.15
2018-09-07,1198.9
2018-09-08,1198.9
2018-09-09,1198.9
2018-09-10,1196.6
2018-09-11,1189.85
2018-09-12,1195.6
2018-09-13,1209.8
2018-09-14,1201.95
2018-09-15,1201.95
2018-09-16,1201.95
2018-09-17,1201.9
2018-09-18,1200.2
2018-09-19,1203.3
2018-09-20,1208.35
2018-09-21,1198.7
2018-09-22,1198.7
2018-09-23,1198.7
2018-09-24,1202.75
2018-09-25,1201.9
2018-09-26,1194.25
2018-09-27,1185.4
2018-09-28,1187.25
2018-09-29,1187.25
2018-09-30,1187.25
2018-10-01,1189.35
2018-10-02,1204.7
2018-10-03,1201.2
2018-10-04,1203.45
2018-10-05,1203.8
2018-10-06,1203.8
2018-10-07,1203.8
2018-10-08,1186.95
2018-10-09,1185.55
2018-10-10,1188.6
2018-10-11,1205.55
2018-10-12,1219.75
2018-10-13,1219.75
2018-10-14,1219.75
2018-10-15,1229.95
2018-10-16,1230.7
2018-10-17,1229.05
2018-10-18,1223.0
2018-10-19,1227.85
2018-10-20,1227.85
2018-10-21,1227.85
2018-10-22,1222.3
2018-10-23,1235.95
2018-10-24,1230.55
2018-10-25,1230.8
2018-10-26,1233.85
2018-10-27,1233.85
2018-10-29,1230.8
2018-10-30,1225.4
2018-10-31,1214.95
2018-11-01,1231.15
2018-11-02,1232.1
2018-11-03,1232.1
2018-11-04,1232.1
2018-11-05,1232.25
2018-11-06,1231.6
2018-11-07,1229.95
2018-11-08,1224.15
2018-11-09,1211.4
2018-11-10,1211.4
2018-11-11,1211.4
2018-11-12,1205.55
2018-11-13,1202.1
2018-11-14,1203.25
2018-11-15,1211.85
2018-11-16,1222.4
2018-11-17,1222.4
2018-11-18,1222.4
2018-11-19,1221.6
2018-11-20,1223.0
2018-11-21,1226.1
2018-11-22,1227.05
2018-11-23,1223.65
2018-11-24,1223.65
2018-11-25,1223.65
2018-11-26,1223.4
2018-11-27,1221.2
2018-11-28,1213.25
2018-11-29,1226.25
2018-11-30,1217.55
2018-12-01,1217.55
2018-12-02,1217.55
2018-12-03,1230.3
2018-12-04,1240.3
2018-12-05,1235.9
2018-12-06,1242.55
2018-12-07,1243.3
2018-12-08,1243.3
2018-12-09,1243.3
2018-12-10,1245.35
2018-12-11,1245.3
2018-12-12,1245.75
2018-12-13,1242.75
2018-12-14,1235.35
2018-12-15,1235.35
2018-12-16,1235.35
2018-12-17,1241.65
2018-12-18,1246.3
2018-12-19,1255.0
2018-12-20,1259.75
2018-12-21,1258.15
2018-12-22,1258.15
2018-12-23,1258.15
2018-12-24,1258.15
2018-12-25,1258.15
2018-12-26,1258.15
2018-12-27,1268.0
2018-12-28,1279.0
2018-12-29,1279.0
2018-12-30,1279.0
2018-12-31,1279.0
2019-01-01,1279.0
2019-01-02,1282.9
2019-01-03,1290.45
2019-01-04,1279.9
2019-01-05,1279.9
2019-01-06,1279.9
2019-01-07,1292.2
2019-01-08,1286.45
2019-01-09,1288.6
2019-01-10,1291.9
2019-01-11,1288.95
2019-01-12,1288.95
2019-01-13,1288.95
2019-01-14,1292.75
2019-01-15,1294.4
2019-01-16,1292.3
2019-01-17,1290.7
2019-01-18,1284.2
2019-01-19,1284.2
2019-01-20,1284.2
2019-01-21,1279.55
2019-01-22,1282.1
2019-01-23,1279.8
2019-01-24,1283.7
2019-01-25,1293.9
2019-01-26,1293.9
2019-01-27,1293.9
2019-01-28,1302.15
2019-01-29,1307.55
2019-01-30,1310.7
2019-01-31,1323.25
2019-02-01,1318.7
2019-02-02,1318.7
2019-02-03,1318.7
2019-02-04,1312.15
2019-02-05,1314.2
2019-02-06,1312.4
2019-02-07,1310.0
2019-02-08,1314.85
2019-02-09,1314.85
2019-02-10,1314.85
2019-02-11,1306.4
2019-02-12,1310.0
2019-02-13,1312.8
2019-02-14,1311.45
2019-02-15,1316.55
2019-02-16,1316.55
2019-02-17,1316.55
2019-02-18,1325.5
2019-02-19,1334.15
2019-02-20,1343.75
2019-02-21,1331.25
2019-02-22,1329.05
2019-02-23,1329.05
2019-02-24,1329.05
2019-02-25,1331.05
2019-02-26,1325.05
2019-02-27,1322.85
2019-02-28,1319.15
2019-03-01,1311.95
2019-03-02,1311.95
2019-03-03,1311.95
2019-03-04,1285.4
2019-03-05,1283.8
2019-03-06,1285.85
2019-03-07,1285.3
2019-03-08,1296.75
2019-03-09,1296.75
2019-03-10,1296.75
2019-03-11,1292.75
2019-03-12,1297.05
2019-03-13,1306.95
2019-03-14,1295.55
2019-03-15,1303.5
2019-03-16,1303.5
2019-03-17,1303.5
2019-03-18,1305.6
2019-03-19,1307.7
2019-03-20,1303.7
2019-03-21,1309.6
2019-03-22,1311.3
2019-03-23,1311.3
2019-03-24,1311.3
2019-03-25,1319.55
2019-03-26,1316.3
2019-03-27,1309.7
2019-03-28,1295.15
2019-03-29,1295.4
2019-03-30,1295.4
2019-03-31,1295.4
2019-03-31,1295.4
2019-04-01,1293.5
2019-04-02,1290.3
2019-04-03,1290.45
2019-04-04,1283.15
2019-04-05,1288.45
2019-04-06,1288.45
2019-04-07,1288.45
2019-04-08,1300.0
2019-04-09,1303.0
2019-04-10,1305.45
2019-04-11,1298.8
2019-04-12,1294.3
2019-04-13,1294.3
2019-04-14,1294.3
2019-04-15,1285.65
2019-04-16,1276.35
2019-04-17,1275.85
2019-04-18,1275.7
2019-04-19,1275.7
2019-04-20,1275.7
2019-04-21,1275.7
2019-04-22,1275.7
2019-04-23,1269.5
2019-04-24,1271.65
2019-04-25,1280.8
2019-04-26,1284.2
2019-04-27,1284.2
2019-04-28,1284.2
2019-04-29,1279.5
2019-04-30,1282.3
2019-05-01,1283.8
2019-05-02,1270.95
2019-05-03,1278.55
2019-05-04,1278.55
2019-05-05,1278.55
2019-05-06,1278.55
2019-05-07,1281.2
2019-05-08,1285.2
2019-05-09,1286.1
2019-05-10,1287.1
2019-05-11,1287.1
2019-05-12,1287.1
2019-05-13,1295.6
2019-05-14,1298.4
2019-05-15,1299.1
2019-05-16,1291.7
2019-05-17,1280.8
2019-05-18,1280.8
2019-05-19,1280.8
2019-05-20,1276.85
2019-05-21,1271.15
2019-05-22,1273.8
2019-05-23,1283.65
2019-05-24,1282.5
2019-05-25,1282.5
2019-05-26,1282.5
2019-05-27,1282.5
2019-05-28,1278.3
2019-05-29,1281.65
2019-05-30,1280.95
2019-05-31,1295.55
