date,ex_rate
2014-01-01,1055.3
2014-01-02,1055.3
2014-01-03,1050.4
2014-01-04,1050.4
2014-01-05,1050.4
2014-01-06,1054.1
2014-01-07,1062.2
2014-01-08,1067.9
2014-01-09,1066.0
2014-01-10,1064.8
2014-01-11,1064.8
2014-01-12,1064.8
2014-01-13,1062.8
2014-01-14,1056.5
2014-01-15,1058.4
2014-01-16,1062.5
2014-01-17,1064.2
2014-01-18,1064.2
2014-01-19,1064.2
2014-01-20,1061.0
2014-01-21,1063.9
2014-01-22,1064.2
2014-01-23,1068.4
2014-01-24,1071.9
2014-01-25,1071.9
2014-01-26,1071.9
2014-01-27,1077.2
2014-01-28,1084.1
2014-01-29,1079.2
2014-01-30,1079.2
2014-01-31,1079.2
2014-02-01,1079.2
2014-02-02,1079.2
2014-02-03,1071.1
2014-02-04,1082.2
2014-02-05,1086.1
2014-02-06,1079.5
2014-02-07,1076.4
2014-02-08,1076.4
2014-02-09,1076.4
2014-02-10,1075.1
2014-02-11,1071.9
2014-02-12,1072.0
2014-02-13,1064.7
2014-02-14,1063.9
2014-02-15,1063.9
2014-02-16,1063.9
2014-02-17,1061.9
2014-02-18,1060.5
2014-02-19,1064.1
2014-02-20,1067.1
2014-02-21,1071.9
2014-02-22,1071.9
2014-02-23,1071.9
2014-02-24,1073.1
2014-02-25,1076.3
2014-02-26,1070.6
2014-02-27,1069.9
2014-02-28,1067.7
2014-03-01,1067.7
2014-03-02,1067.7
2014-03-03,1066.2
2014-03-04,1071.9
2014-03-05,1072.0
2014-03-06,1070.6
2014-03-07,1067.4
2014-03-08,1067.4
2014-03-09,1067.4
2014-03-10,1062.6
2014-03-11,1065.9
2014-03-12,1064.8
2014-03-13,1069.2
2014-03-14,1067.4
2014-03-15,1067.4
2014-03-16,1067.4
2014-03-17,1072.0
2014-03-18,1069.9
2014-03-19,1067.9
2014-03-20,1070.7
2014-03-21,1075.3
2014-03-22,1075.3
2014-03-23,1075.3
2014-03-24,1080.3
2014-03-25,1079.7
2014-03-26,1078.2
2014-03-27,1075.0
2014-03-28,1072.8
2014-03-29,1072.8
2014-03-30,1072.8
2014-03-30,1072.8
2014-03-31,1068.8
2014-04-01,1066.1
2014-04-02,1060.5
2014-04-03,1057.0
2014-04-04,1058.1
2014-04-05,1058.1
2014-04-06,1058.1
2014-04-07,1056.1
2014-04-08,1053.4
2014-04-09,1053.6
2014-04-10,1043.2
2014-04-11,1036.0
2014-04-12,1036.0
2014-04-13,1036.0
2014-04-14,1037.5
2014-04-15,1038.9
2014-04-16,1041.2
2014-04-17,1041.3
2014-04-18,1037.1
2014-04-19,1037.1
2014-04-20,1037.1
2014-04-21,1037.2
2014-04-22,1037.9
2014-04-23,1039.6
2014-04-24,1039.5
2014-04-25,1038.3
2014-04-26,1038.3
2014-04-27,1038.3
2014-04-28,1038.9
2014-04-29,1037.1
2014-04-30,1031.7
2014-05-01,1031.7
2014-05-02,1032.2
2014-05-03,1032.2
2014-05-04,1032.2
2014-05-05,1032.2
2014-05-06,1032.2
2014-05-07,1031.2
2014-05-08,1025.6
2014-05-09,1023.5
2014-05-10,1023.5
2014-05-11,1023.5
2014-05-12,1023.0
2014-05-13,1025.0
2014-05-14,1022.9
2014-05-15,1024.6
2014-05-16,1026.5
2014-05-17,1026.5
2014-05-18,1026.5
2014-05-19,1025.8
2014-05-20,1022.7
2014-05-21,1024.1
2014-05-22,1026.7
2014-05-23,1025.2
2014-05-24,1025.2
2014-05-25,1025.2
2014-05-26,1024.3
2014-05-27,1023.9
2014-05-28,1023.4
2014-05-29,1022.6
2014-05-30,1021.6
2014-05-31,1021.6
2014-06-01,1021.6
2014-06-02,1020.4
2014-06-03,1023.6
2014-06-04,1023.6
2014-06-05,1024.3
2014-06-06,1024.3
2014-06-07,1024.3
2014-06-08,1024.3
2014-06-09,1022.6
2014-06-10,1017.4
2014-06-11,1016.5
2014-06-12,1016.5
2014-06-13,1017.5
2014-06-14,1017.5
2014-06-15,1017.5
2014-06-16,1018.0
2014-06-17,1019.5
2014-06-18,1022.1
2014-06-19,1023.1
2014-06-20,1018.3
2014-06-21,1018.3
2014-06-22,1018.3
2014-06-23,1019.6
2014-06-24,1018.4
2014-06-25,1018.0
2014-06-26,1020.6
2014-06-27,1017.0
2014-06-28,1017.0
2014-06-29,1017.0
2014-06-30,1014.4
2014-07-01,1012.1
2014-07-02,1011.8
2014-07-03,1009.8
2014-07-04,1009.6
2014-07-05,1009.6
2014-07-06,1009.6
2014-07-07,1008.9
2014-07-08,1009.9
2014-07-09,1011.2
2014-07-10,1012.2
2014-07-11,1011.9
2014-07-12,1011.9
2014-07-13,1011.9
2014-07-14,1018.0
2014-07-15,1018.5
2014-07-16,1023.7
2014-07-17,1032.7
2014-07-18,1029.6
2014-07-19,1029.6
2014-07-20,1029.6
2014-07-21,1031.9
2014-07-22,1027.5
2014-07-23,1024.6
2014-07-24,1022.8
2014-07-25,1028.0
2014-07-26,1028.0
2014-07-27,1028.0
2014-07-28,1029.4
2014-07-29,1025.2
2014-07-30,1024.7
2014-07-31,1024.3
2014-08-01,1026.2
2014-08-02,1026.2
2014-08-03,1026.2
2014-08-04,1033.7
2014-08-05,1031.7
2014-08-06,1030.8
2014-08-07,1034.3
2014-08-08,1034.4
2014-08-09,1034.4
2014-08-10,1034.4
2014-08-11,1037.4
2014-08-12,1030.6
2014-08-13,1028.3
2014-08-14,1028.1
2014-08-15,1028.1
2014-08-16,1028.1
2014-08-17,1028.1
2014-08-18,1024.9
2014-08-19,1017.7
2014-08-20,1018.0
2014-08-21,1020.9
2014-08-22,1023.9
2014-08-23,1023.9
2014-08-24,1023.9
2014-08-25,1019.5
2014-08-26,1020.6
2014-08-27,1018.0
2014-08-28,1014.6
2014-08-29,1013.6
2014-08-30,1013.6
2014-08-31,1013.6
2014-09-01,1014.9
2014-09-02,1014.3
2014-09-03,1015.6
2014-09-04,1018.9
2014-09-05,1018.0
2014-09-06,1018.0
2014-09-07,1018.0
2014-09-08,1018.0
2014-09-09,1018.0
2014-09-10,1018.0
2014-09-11,1024.6
2014-09-12,1034.4
2014-09-13,1034.4
2014-09-14,1034.4
2014-09-15,1038.0
2014-09-16,1038.9
2014-09-17,1035.2
2014-09-18,1033.9
2014-09-19,1041.5
2014-09-20,1041.5
2014-09-21,1041.5
2014-09-22,1044.9
2014-09-23,1040.7
2014-09-24,1042.1
2014-09-25,1039.8
2014-09-26,1042.6
2014-09-27,1042.6
2014-09-28,1042.6
2014-09-29,1042.7
2014-09-30,1050.6
2014-10-01,1054.7
2014-10-02,1062.1
2014-10-03,1062.1
2014-10-04,1062.1
2014-10-05,1062.1
2014-10-06,1061.1
2014-10-07,1069.7
2014-10-08,1066.5
2014-10-09,1066.5
2014-10-10,1072.3
2014-10-11,1072.3
2014-10-12,1072.3
2014-10-13,1071.0
2014-10-14,1069.1
2014-10-15,1063.5
2014-10-16,1065.8
2014-10-17,1059.9
2014-10-18,1059.9
2014-10-19,1059.9
2014-10-20,1062.7
2014-10-21,1060.4
2014-10-22,1054.5
2014-10-23,1053.7
2014-10-24,1055.4
2014-10-25,1055.4
2014-10-27,1059.3
2014-10-28,1052.6
2014-10-29,1050.6
2014-10-30,1047.0
2014-10-31,1054.0
2014-11-01,1054.0
2014-11-02,1054.0
2014-11-03,1058.8
2014-11-04,1075.1
2014-11-05,1079.9
2014-11-06,1078.7
2014-11-07,1089.1
2014-11-08,1089.1
2014-11-09,1089.1
2014-11-10,1092.5
2014-11-11,1085.2
2014-11-12,1089.9
2014-11-13,1098.5
2014-11-14,1097.5
2014-11-15,1097.5
2014-11-16,1097.5
2014-11-17,1099.6
2014-11-18,1097.0
2014-11-19,1098.9
2014-11-20,1104.2
2014-11-21,1113.1
2014-11-22,1113.1
2014-11-23,1113.1
2014-11-24,1110.9
2014-11-25,1112.2
2014-11-26,1112.8
2014-11-27,1107.0
2014-11-28,1101.1
2014-11-29,1101.1
2014-11-30,1101.1
2014-12-01,1105.0
2014-12-02,1116.2
2014-12-03,1106.8
2014-12-04,1114.4
2014-12-05,1115.8
2014-12-06,1115.8
2014-12-07,1115.8
2014-12-08,1113.2
2014-12-09,1118.3
2014-12-10,1112.0
2014-12-11,1104.5
2014-12-12,1098.1
2014-12-13,1098.1
2014-12-14,1098.1
2014-12-15,1103.9
2014-12-16,1103.0
2014-12-17,1092.4
2014-12-18,1088.1
2014-12-19,1103.2
2014-12-20,1103.2
2014-12-21,1103.2
2014-12-22,1101.3
2014-12-23,1097.3
2014-12-24,1100.5
2014-12-25,1100.5
2014-12-26,1104.3
2014-12-27,1104.3
2014-12-28,1104.3
2014-12-29,1099.5
2014-12-30,1098.2
2014-12-31,1099.2
2015-01-01,1099.2
2015-01-02,1099.2
2015-01-03,1099.2
2015-01-04,1099.2
2015-01-05,1102.6
2015-01-06,1108.7
2015-01-07,1103.9
2015-01-08,1099.7
2015-01-09,1098.5
2015-01-10,1098.5
2015-01-11,1098.5
2015-01-12,1092.2
2015-01-13,1083.0
2015-01-14,1081.5
2015-01-15,1079.9
2015-01-16,1084.1
2015-01-17,1084.1
2015-01-18,1084.1
2015-01-19,1077.3
2015-01-20,1079.8
2015-01-21,1084.4
2015-01-22,1086.8
2015-01-23,1085.3
2015-01-24,1085.3
2015-01-25,1085.3
2015-01-26,1084.1
2015-01-27,1079.3
2015-01-28,1082.1
2015-01-29,1082.9
2015-01-30,1090.8
2015-01-31,1090.8
2015-02-01,1090.8
2015-02-02,1095.9
2015-02-03,1101.2
2015-02-04,1098.3
2015-02-05,1089.2
2015-02-06,1089.2
2015-02-07,1089.2
2015-02-08,1089.2
2015-02-09,1088.3
2015-02-10,1097.0
2015-02-11,1090.8
2015-02-12,1096.9
2015-02-13,1107.5
2015-02-14,1107.5
2015-02-15,1107.5
2015-02-16,1098.4
2015-02-17,1098.7
2015-02-18,1098.7
2015-02-19,1098.7
2015-02-20,1098.7
2015-02-21,1098.7
2015-02-22,1098.7
2015-02-23,1101.3
2015-02-24,1109.8
2015-02-25,1108.6
2015-02-26,1102.5
2015-02-27,1099.2
2015-02-28,1099.2
2015-03-01,1099.2
2015-03-02,1099.5
2015-03-03,1102.5
2015-03-04,1100.0
2015-03-05,1096.5
2015-03-06,1100.1
2015-03-07,1100.1
2015-03-08,1100.1
2015-03-09,1099.5
2015-03-10,1110.3
2015-03-11,1119.5
2015-03-12,1126.6
2015-03-13,1130.9
2015-03-14,1130.9
2015-03-15,1130.9
2015-03-16,1125.6
2015-03-17,1133.9
2015-03-18,1130.1
2015-03-19,1126.6
2015-03-20,1114.0
2015-03-21,1114.0
2015-03-22,1114.0
2015-03-23,1121.7
2015-03-24,1115.9
2015-03-25,1107.1
2015-03-26,1102.7
2015-03-27,1104.2
2015-03-28,1104.2
2015-03-29,1104.2
2015-03-29,1104.2
2015-03-30,1104.3
2015-03-31,1105.0
2015-04-01,1109.4
2015-04-02,1103.8
2015-04-03,1098.0
2015-04-04,1098.0
2015-04-05,1098.0
2015-04-06,1094.6
2015-04-07,1086.0
2015-04-08,1089.7
2015-04-09,1093.4
2015-04-10,1093.9
2015-04-11,1093.9
2015-04-12,1093.9
2015-04-13,1094.6
2015-04-14,1096.6
2015-04-15,1096.8
2015-04-16,1096.0
2015-04-17,1089.0
2015-04-18,1089.0
2015-04-19,1089.0
2015-04-20,1085.1
2015-04-21,1082.7
2015-04-22,1083.5
2015-04-23,1081.8
2015-04-24,1083.2
2015-04-25,1083.2
2015-04-26,1083.2
2015-04-27,1079.0
2015-04-28,1074.5
2015-04-29,1070.9
2015-04-30,1068.1
2015-05-01,1068.1
2015-05-02,1068.1
2015-05-03,1068.1
2015-05-04,1069.5
2015-05-05,1069.5
2015-05-06,1080.5
2015-05-07,1081.0
2015-05-08,1086.6
2015-05-09,1086.6
2015-05-10,1086.6
2015-05-11,1091.3
2015-05-12,1089.9
2015-05-13,1096.2
2015-05-14,1094.9
2015-05-15,1093.6
2015-05-16,1093.6
2015-05-17,1093.6
2015-05-18,1089.2
2015-05-19,1085.5
2015-05-20,1090.9
2015-05-21,1095.2
2015-05-22,1094.4
2015-05-23,1094.4
2015-05-24,1094.4
2015-05-25,1094.4
2015-05-26,1090.8
2015-05-27,1098.4
2015-05-28,1107.0
2015-05-29,1108.0
2015-05-30,1108.0
2015-05-31,1108.0
2015-06-01,1107.6
2015-06-02,1111.6
2015-06-03,1114.5
2015-06-04,1106.0
2015-06-05,1109.9
2015-06-06,1109.9
2015-06-07,1109.9
2015-06-08,1112.1
2015-06-09,1121.5
2015-06-10,1119.3
2015-06-11,1117.3
2015-06-12,1110.4
2015-06-13,1110.4
2015-06-14,1110.4
2015-06-15,1111.9
2015-06-16,1116.2
2015-06-17,1117.3
2015-06-18,1117.6
2015-06-19,1109.9
2015-06-20,1109.9
2015-06-21,1109.9
2015-06-22,1104.0
2015-06-23,1099.9
2015-06-24,1104.1
2015-06-25,1108.4
2015-06-26,1109.6
2015-06-27,1109.6
2015-06-28,1109.6
2015-06-29,1115.1
2015-06-30,1124.1
2015-07-01,1118.3
2015-07-02,1118.5
2015-07-03,1123.2
2015-07-04,1123.2
2015-07-05,1123.2
2015-07-06,1120.1
2015-07-07,1126.3
2015-07-08,1129.6
2015-07-09,1135.7
2015-07-10,1136.2
2015-07-11,1136.2
2015-07-12,1136.2
2015-07-13,1130.0
2015-07-14,1131.5
2015-07-15,1139.4
2015-07-16,1141.5
2015-07-17,1148.4
2015-07-18,1148.4
2015-07-19,1148.4
2015-07-20,1146.3
2015-07-21,1151.9
2015-07-22,1158.4
2015-07-23,1152.6
2015-07-24,1162.3
2015-07-25,1162.3
2015-07-26,1162.3
2015-07-27,1164.6
2015-07-28,1168.9
2015-07-29,1166.2
2015-07-30,1157.9
2015-07-31,1166.3
2015-08-01,1166.3
2015-08-02,1166.3
2015-08-03,1169.4
2015-08-04,1165.2
2015-08-05,1169.3
2015-08-06,1172.1
2015-08-07,1170.2
2015-08-08,1170.2
2015-08-09,1170.2
2015-08-10,1164.3
2015-08-11,1165.3
2015-08-12,1170.4
2015-08-13,1190.3
2015-08-14,1190.3
2015-08-15,1190.3
2015-08-16,1190.3
2015-08-17,1174.2
2015-08-18,1182.2
2015-08-19,1184.7
2015-08-20,1185.1
2015-08-21,1185.1
2015-08-22,1185.1
2015-08-23,1185.1
2015-08-24,1192.0
2015-08-25,1198.1
2015-08-26,1194.6
2015-08-27,1188.9
2015-08-28,1184.3
2015-08-29,1184.3
2015-08-30,1184.3
2015-08-31,1176.3
2015-09-01,1183.0
2015-09-02,1175.6
2015-09-03,1178.0
2015-09-04,1187.6
2015-09-05,1187.6
2015-09-06,1187.6
2015-09-07,1191.0
2015-09-08,1202.0
2015-09-09,1203.1
2015-09-10,1192.0
2015-09-11,1195.8
2015-09-12,1195.8
2015-09-13,1195.8
2015-09-14,1183.8
2015-09-15,1181.0
2015-09-16,1182.4
2015-09-17,1179.4
2015-09-18,1169.7
2015-09-19,1169.7
2015-09-20,1169.7
2015-09-21,1166.7
2015-09-22,1173.0
2015-09-23,1177.2
2015-09-24,1187.5
2015-09-25,1191.8
2015-09-26,1191.8
2015-09-27,1191.8
2015-09-28,1191.8
2015-09-29,1191.8
2015-09-30,1194.5
2015-10-01,1190.4
2015-10-02,1179.0
2015-10-03,1179.0
2015-10-04,1179.0
2015-10-05,1180.5
2015-10-06,1172.1
2015-10-07,1164.8
2015-10-08,1165.2
2015-10-09,1165.2
2015-10-10,1165.2
2015-10-11,1165.2
2015-10-12,1159.4
2015-10-13,1147.4
2015-10-14,1147.5
2015-10-15,1150.1
2015-10-16,1133.7
2015-10-17,1133.7
2015-10-18,1133.7
2015-10-19,1128.9
2015-10-20,1125.3
2015-10-21,1130.1
2015-10-22,1131.3
2015-10-23,1138.2
2015-10-24,1138.2
2015-10-26,1127.4
2015-10-27,1134.1
2015-10-28,1131.2
2015-10-29,1132.9
2015-10-30,1142.3
2015-10-31,1142.3
2015-11-01,1142.3
2015-11-02,1138.6
2015-11-03,1140.1
2015-11-04,1133.4
2015-11-05,1129.5
2015-11-06,1137.1
2015-11-07,1137.1
2015-11-08,1137.1
2015-11-09,1138.6
2015-11-10,1154.1
2015-11-11,1158.2
2015-11-12,1154.8
2015-11-13,1154.5
2015-11-14,1154.5
2015-11-15,1154.5
2015-11-16,1161.3
2015-11-17,1172.7
2015-11-18,1169.2
2015-11-19,1173.4
2015-11-20,1164.2
2015-11-21,1164.2
2015-11-22,1164.2
2015-11-23,1156.9
2015-11-24,1157.9
2015-11-25,1155.6
2015-11-26,1145.1
2015-11-27,1145.7
2015-11-28,1145.7
2015-11-29,1145.7
2015-11-30,1150.4
2015-12-01,1157.7
2015-12-02,1158.1
2015-12-03,1159.3
2015-12-04,1167.4
2015-12-05,1167.4
2015-12-06,1167.4
2015-12-07,1156.8
2015-12-08,1166.4
2015-12-09,1176.0
2015-12-10,1178.2
2015-12-11,1177.5
2015-12-12,1177.5
2015-12-13,1177.5
2015-12-14,1179.7
2015-12-15,1186.1
2015-12-16,1182.9
2015-12-17,1178.2
2015-12-18,1178.9
2015-12-19,1178.9
2015-12-20,1178.9
2015-12-21,1184.3
2015-12-22,1178.2
2015-12-23,1176.1
2015-12-24,1171.7
2015-12-25,1171.7
2015-12-26,1171.7
2015-12-27,1171.7
2015-12-28,1171.0
2015-12-29,1165.0
2015-12-30,1167.7
2015-12-31,1172.0
2016-01-01,1172.0
2016-01-02,1172.0
2016-01-03,1172.0
2016-01-04,1172.0
2016-01-05,1184.3
2016-01-06,1187.7
2016-01-07,1193.9
2016-01-08,1199.7
2016-01-09,1199.7
2016-01-10,1199.7
2016-01-11,1196.2
2016-01-12,1208.6
2016-01-13,1208.5
2016-01-14,1206.4
2016-01-15,1212.7
2016-01-16,1212.7
2016-01-17,1212.7
2016-01-18,1211.0
2016-01-19,1212.5
2016-01-20,1209.9
2016-01-21,1211.6
2016-01-22,1209.9
2016-01-23,1209.9
2016-01-24,1209.9
2016-01-25,1203.2
2016-01-26,1194.4
2016-01-27,1201.4
2016-01-28,1201.0
2016-01-29,1208.4
2016-01-30,1208.4
2016-01-31,1208.4
2016-02-01,1206.2
2016-02-02,1204.5
2016-02-03,1203.1
2016-02-04,1216.7
2016-02-05,1202.7
2016-02-06,1202.7
2016-02-07,1202.7
2016-02-08,1202.7
2016-02-09,1202.7
2016-02-10,1202.7
2016-02-11,1195.1
2016-02-12,1197.0
2016-02-13,1197.0
2016-02-14,1197.0
2016-02-15,1206.5
2016-02-16,1209.9
2016-02-17,1216.6
2016-02-18,1224.8
2016-02-19,1225.7
2016-02-20,1225.7
2016-02-21,1225.7
2016-02-22,1233.9
2016-02-23,1233.2
2016-02-24,1230.1
2016-02-25,1234.8
2016-02-26,1236.1
2016-02-27,1236.1
2016-02-28,1236.1
2016-02-29,1235.4
2016-03-01,1235.4
2016-03-02,1240.9
2016-03-03,1232.7
2016-03-04,1218.9
2016-03-05,1218.9
2016-03-06,1218.9
2016-03-07,1208.5
2016-03-08,1200.7
2016-03-09,1205.2
2016-03-10,1214.5
2016-03-11,1208.8
2016-03-12,1208.8
2016-03-13,1208.8
2016-03-14,1200.1
2016-03-15,1186.5
2016-03-16,1189.2
2016-03-17,1192.7
2016-03-18,1174.5
2016-03-19,1174.5
2016-03-20,1174.5
2016-03-21,1161.3
2016-03-22,1165.3
2016-03-23,1159.5
2016-03-24,1158.8
2016-03-25,1167.1
2016-03-26,1167.1
2016-03-27,1167.1
2016-03-27,1167.1
2016-03-28,1169.4
2016-03-29,1169.6
2016-03-30,1163.0
2016-03-31,1153.5
2016-04-01,1144.5
2016-04-02,1144.5
2016-04-03,1144.5
2016-04-04,1148.9
2016-04-05,1147.8
2016-04-06,1155.0
2016-04-07,1155.9
2016-04-08,1154.5
2016-04-09,1154.5
2016-04-10,1154.5
2016-04-11,1156.5
2016-04-12,1149.2
2016-04-13,1149.2
2016-04-14,1144.7
2016-04-15,1153.4
2016-04-16,1153.4
2016-04-17,1153.4
2016-04-18,1150.7
2016-04-19,1151.1
2016-04-20,1140.5
2016-04-21,1132.3
2016-04-22,1134.9
2016-04-23,1134.9
2016-04-24,1134.9
2016-04-25,1141.1
2016-04-26,1149.7
2016-04-27,1149.7
2016-04-28,1145.9
2016-04-29,1143.9
2016-04-30,1143.9
2016-05-01,1143.9
2016-05-02,1138.1
2016-05-03,1140.8
2016-05-04,1137.1
2016-05-05,1137.1
2016-05-06,1137.1
2016-05-07,1137.1
2016-05-08,1137.1
2016-05-09,1153.5
2016-05-10,1164.7
2016-05-11,1174.0
2016-05-12,1168.1
2016-05-13,1164.1
2016-05-14,1164.1
2016-05-15,1164.1
2016-05-16,1169.4
2016-05-17,1178.6
2016-05-18,1173.3
2016-05-19,1180.9
2016-05-20,1190.8
2016-05-21,1190.8
2016-05-22,1190.8
2016-05-23,1188.4
2016-05-24,1183.1
2016-05-25,1188.6
2016-05-26,1185.8
2016-05-27,1181.0
2016-05-28,1181.0
2016-05-29,1181.0
2016-05-30,1179.3
2016-05-31,1190.6
2016-06-01,1190.5
2016-06-02,1192.2
2016-06-03,1189.6
2016-06-04,1189.6
2016-06-05,1189.6
2016-06-06,1189.6
2016-06-07,1186.5
2016-06-08,1163.2
2016-06-09,1156.5
2016-06-10,1155.8
2016-06-11,1155.8
2016-06-12,1155.8
2016-06-13,1163.1
2016-06-14,1172.8
2016-06-15,1172.5
2016-06-16,1176.3
2016-06-17,1170.1
2016-06-18,1170.1
2016-06-19,1170.1
2016-06-20,1170.8
2016-06-21,1163.2
2016-06-22,1158.2
2016-06-23,1155.7
2016-06-24,1151.2
2016-06-25,1151.2
2016-06-26,1151.2
2016-06-27,1168.5
2016-06-28,1183.3
2016-06-29,1175.9
2016-06-30,1164.7
2016-07-01,1152.6
2016-07-02,1152.6
2016-07-03,1152.6
2016-07-04,1147.5
2016-07-05,1148.1
2016-07-06,1153.0
2016-07-07,1165.8
2016-07-08,1156.6
2016-07-09,1156.6
2016-07-10,1156.6
2016-07-11,1159.2
2016-07-12,1147.8
2016-07-13,1149.3
2016-07-14,1145.7
2016-07-15,1141.8
2016-07-16,1141.8
2016-07-17,1141.8
2016-07-18,1132.7
2016-07-19,1136.3
2016-07-20,1138.4
2016-07-21,1140.8
2016-07-22,1140.2
2016-07-23,1140.2
2016-07-24,1140.2
2016-07-25,1135.0
2016-07-26,1136.9
2016-07-27,1138.4
2016-07-28,1134.1
2016-07-29,1125.7
2016-07-30,1125.7
2016-07-31,1125.7
2016-08-01,1122.4
2016-08-02,1111.0
2016-08-03,1108.9
2016-08-04,1114.0
2016-08-05,1113.8
2016-08-06,1113.8
2016-08-07,1113.8
2016-08-08,1111.3
2016-08-09,1112.7
2016-08-10,1107.2
2016-08-11,1096.1
2016-08-12,1098.6
2016-08-13,1098.6
2016-08-14,1098.6
2016-08-15,1098.6
2016-08-16,1101.1
2016-08-17,1095.0
2016-08-18,1102.3
2016-08-19,1106.4
2016-08-20,1106.4
2016-08-21,1106.4
2016-08-22,1115.2
2016-08-23,1125.3
2016-08-24,1117.4
2016-08-25,1121.6
2016-08-26,1119.0
2016-08-27,1119.0
2016-08-28,1119.0
2016-08-29,1113.9
2016-08-30,1125.2
2016-08-31,1118.5
2016-09-01,1117.4
2016-09-02,1119.3
2016-09-03,1119.3
2016-09-04,1119.3
2016-09-05,1117.6
2016-09-06,1108.2
2016-09-07,1105.0
2016-09-08,1093.2
2016-09-09,1093.2
2016-09-10,1093.2
2016-09-11,1093.2
2016-09-12,1099.5
2016-09-13,1110.6
2016-09-14,1110.6
2016-09-15,1110.6
2016-09-16,1110.6
2016-09-17,1110.6
2016-09-18,1110.6
2016-09-19,1112.3
2016-09-20,1120.0
2016-09-21,1119.5
2016-09-22,1116.8
2016-09-23,1103.1
2016-09-24,1103.1
2016-09-25,1103.1
2016-09-26,1104.2
2016-09-27,1106.9
2016-09-28,1103.5
2016-09-29,1095.7
2016-09-30,1096.3
2016-10-01,1096.3
2016-10-02,1096.3
2016-10-03,1096.3
2016-10-04,1102.0
2016-10-05,1105.1
2016-10-06,1113.8
2016-10-07,1111.3
2016-10-08,1111.3
2016-10-09,1111.3
2016-10-10,1115.7
2016-10-11,1111.0
2016-10-12,1117.2
2016-10-13,1123.3
2016-10-14,1130.5
2016-10-15,1130.5
2016-10-16,1130.5
2016-10-17,1132.9
2016-10-18,1140.3
2016-10-19,1132.3
2016-10-20,1122.8
2016-10-21,1124.0
2016-10-22,1124.0
2016-10-23,1124.0
2016-10-24,1134.5
2016-10-25,1134.5
2016-10-26,1136.5
2016-10-27,1132.4
2016-10-28,1140.2
2016-10-29,1140.2
2016-10-31,1145.2
2016-11-01,1144.6
2016-11-02,1141.8
2016-11-03,1148.7
2016-11-04,1140.6
2016-11-05,1140.6
2016-11-06,1140.6
2016-11-07,1143.4
2016-11-08,1141.6
2016-11-09,1137.5
2016-11-10,1145.8
2016-11-11,1151.0
2016-11-12,1151.0
2016-11-13,1151.0
2016-11-14,1164.4
2016-11-15,1169.8
2016-11-16,1168.8
2016-11-17,1167.2
2016-11-18,1174.4
2016-11-19,1174.4
2016-11-20,1174.4
2016-11-21,1182.3
2016-11-22,1183.6
2016-11-23,1175.5
2016-11-24,1174.9
2016-11-25,1182.4
2016-11-26,1182.4
2016-11-27,1182.4
2016-11-28,1178.9
2016-11-29,1170.3
2016-11-30,1168.5
2016-12-01,1168.0
2016-12-02,1172.6
2016-12-03,1172.6
2016-12-04,1172.6
2016-12-05,1170.5
2016-12-06,1173.8
2016-12-07,1169.5
2016-12-08,1169.4
2016-12-09,1159.1
2016-12-10,1159.1
2016-12-11,1159.1
2016-12-12,1166.2
2016-12-13,1170.2
2016-12-14,1165.5
2016-12-15,1168.3
2016-12-16,1180.1
2016-12-17,1180.1
2016-12-18,1180.1
2016-12-19,1183.4
2016-12-20,1186.4
2016-12-21,1191.2
2016-12-22,1194.2
2016-12-23,1198.0
2016-12-24,1198.0
2016-12-25,1198.0
2016-12-26,1202.9
2016-12-27,1199.4
2016-12-28,1205.3
2016-12-29,1207.6
2016-12-30,1208.5
2016-12-31,1208.5
2017-01-01,1208.5
2017-01-02,1208.5
2017-01-03,1207.8
2017-01-04,1206.2
2017-01-05,1206.7
2017-01-06,1191.6
2017-01-07,1191.6
2017-01-08,1191.6
2017-01-09,1189.1
2017-01-10,1205.5
2017-01-11,1198.7
2017-01-12,1196.4
2017-01-13,1182.8
2017-01-14,1182.8
2017-01-15,1182.8
2017-01-16,1177.7
2017-01-17,1180.5
2017-01-18,1180.9
2017-01-19,1165.6
2017-01-20,1177.1
2017-01-21,1177.1
2017-01-22,1177.1
2017-01-23,1172.5
2017-01-24,1166.7
2017-01-25,1163.6
2017-01-26,1166.2
2017-01-27,1166.2
2017-01-28,1166.2
2017-01-29,1166.2
2017-01-30,1166.2
2017-01-31,1157.8
2017-02-01,1165.5
2017-02-02,1155.2
2017-02-03,1149.2
2017-02-04,1149.2
2017-02-05,1149.2
2017-02-06,1146.8
2017-02-07,1137.7
2017-02-08,1142.1
2017-02-09,1145.4
2017-02-10,1145.7
2017-02-11,1145.7
2017-02-12,1145.7
2017-02-13,1151.4
2017-02-14,1151.9
2017-02-15,1144.5
2017-02-16,1141.6
2017-02-17,1138.9
2017-02-18,1138.9
2017-02-19,1138.9
2017-02-20,1145.3
2017-02-21,1147.6
2017-02-22,1146.8
2017-02-23,1140.9
2017-02-24,1138.8
2017-02-25,1138.8
2017-02-26,1138.8
2017-02-27,1131.0
2017-02-28,1132.1
2017-03-01,1132.1
2017-03-02,1132.3
2017-03-03,1142.0
2017-03-04,1142.0
2017-03-05,1142.0
2017-03-06,1152.7
2017-03-07,1156.1
2017-03-08,1151.2
2017-03-09,1146.6
2017-03-10,1156.1
2017-03-11,1156.1
2017-03-12,1156.1
2017-03-13,1158.2
2017-03-14,1147.7
2017-03-15,1147.3
2017-03-16,1146.3
2017-03-17,1131.7
2017-03-18,1131.7
2017-03-19,1131.7
2017-03-20,1131.4
2017-03-21,1124.5
2017-03-22,1117.5
2017-03-23,1123.8
2017-03-24,1120.0
2017-03-25,1120.0
2017-03-26,1120.0
2017-03-26,1120.0
2017-03-27,1122.7
2017-03-28,1114.2
2017-03-29,1112.5
2017-03-30,1114.0
2017-03-31,1116.1
2017-04-01,1116.1
2017-04-02,1116.1
2017-04-03,1119.3
2017-04-04,1113.8
2017-04-05,1118.9
2017-04-06,1124.0
2017-04-07,1131.0
2017-04-08,1131.0
2017-04-09,1131.0
2017-04-10,1134.6
2017-04-11,1141.6
2017-04-12,1145.8
2017-04-13,1145.2
2017-04-14,1131.9
2017-04-15,1131.9
2017-04-16,1131.9
2017-04-17,1138.8
2017-04-18,1136.5
2017-04-19,1137.9
2017-04-20,1139.8
2017-04-21,1141.4
2017-04-22,1141.4
2017-04-23,1141.4
2017-04-24,1136.6
2017-04-25,1131.7
2017-04-26,1130.5
2017-04-27,1125.1
2017-04-28,1130.1
2017-04-29,1130.1
2017-04-30,1130.1
2017-05-01,1130.1
2017-05-02,1133.4
2017-05-03,1133.4
2017-05-04,1130.7
2017-05-05,1130.7
2017-05-06,1130.7
2017-05-07,1130.7
2017-05-08,1132.1
2017-05-09,1132.1
2017-05-10,1132.4
2017-05-11,1134.5
2017-05-12,1130.4
2017-05-13,1130.4
2017-05-14,1130.4
2017-05-15,1126.8
2017-05-16,1125.4
2017-05-17,1117.7
2017-05-18,1118.4
2017-05-19,1125.2
2017-05-20,1125.2
2017-05-21,1125.2
2017-05-22,1127.5
2017-05-23,1117.1
2017-05-24,1120.6
2017-05-25,1126.6
2017-05-26,1118.0
2017-05-27,1118.0
2017-05-28,1118.0
2017-05-29,1119.5
2017-05-30,1120.1
2017-05-31,1123.9
2017-06-01,1121.8
2017-06-02,1120.4
2017-06-03,1120.4
2017-06-04,1120.4
2017-06-05,1120.9
2017-06-06,1120.9
2017-06-07,1118.4
2017-06-08,1122.0
2017-06-09,1125.0
2017-06-10,1125.0
2017-06-11,1125.0
2017-06-12,1121.6
2017-06-13,1126.0
2017-06-14,1128.9
2017-06-15,1125.6
2017-06-16,1122.8
2017-06-17,1122.8
2017-06-18,1122.8
2017-06-19,1133.0
2017-06-20,1131.4
2017-06-21,1137.0
2017-06-22,1142.2
2017-06-23,1140.8
2017-06-24,1140.8
2017-06-25,1140.8
2017-06-26,1140.1
2017-06-27,1135.2
2017-06-28,1136.4
2017-06-29,1141.7
2017-06-30,1139.6
2017-07-01,1139.6
2017-07-02,1139.6
2017-07-03,1144.0
2017-07-04,1145.0
2017-07-05,1149.3
2017-07-06,1149.3
2017-07-07,1153.5
2017-07-08,1153.5
2017-07-09,1153.5
2017-07-10,1155.8
2017-07-11,1149.9
2017-07-12,1150.1
2017-07-13,1145.6
2017-07-14,1137.5
2017-07-15,1137.5
2017-07-16,1137.5
2017-07-17,1136.0
2017-07-18,1128.2
2017-07-19,1126.3
2017-07-20,1121.8
2017-07-21,1124.9
2017-07-22,1124.9
2017-07-23,1124.9
2017-07-24,1121.2
2017-07-25,1116.1
2017-07-26,1116.1
2017-07-27,1120.3
2017-07-28,1112.5
2017-07-29,1112.5
2017-07-30,1112.5
2017-07-31,1119.1
2017-08-01,1121.9
2017-08-02,1118.0
2017-08-03,1123.2
2017-08-04,1127.6
2017-08-05,1127.6
2017-08-06,1127.6
2017-08-07,1125.4
2017-08-08,1127.3
2017-08-09,1125.4
2017-08-10,1134.7
2017-08-11,1141.1
2017-08-12,1141.1
2017-08-13,1141.1
2017-08-14,1146.3
2017-08-15,1146.3
2017-08-16,1138.2
2017-08-17,1139.6
2017-08-18,1135.9
2017-08-19,1135.9
2017-08-20,1135.9
2017-08-21,1142.0
2017-08-22,1138.3
2017-08-23,1135.6
2017-08-24,1130.9
2017-08-25,1127.3
2017-08-26,1127.3
2017-08-27,1127.3
2017-08-28,1129.2
2017-08-29,1120.4
2017-08-30,1126.2
2017-08-31,1122.8
2017-09-01,1125.8
2017-09-02,1125.8
2017-09-03,1125.8
2017-09-04,1122.7
2017-09-05,1131.5
2017-09-06,1131.3
2017-09-07,1133.7
2017-09-08,1129.6
2017-09-09,1129.6
2017-09-10,1129.6
2017-09-11,1126.8
2017-09-12,1129.5
2017-09-13,1129.8
2017-09-14,1127.5
2017-09-15,1132.5
2017-09-16,1132.5
2017-09-17,1132.5
2017-09-18,1133.5
2017-09-19,1127.9
2017-09-20,1130.0
2017-09-21,1129.1
2017-09-22,1132.8
2017-09-23,1132.8
2017-09-24,1132.8
2017-09-25,1136.3
2017-09-26,1130.7
2017-09-27,1136.3
2017-09-28,1139.4
2017-09-29,1146.7
2017-09-30,1146.7
2017-10-01,1146.7
2017-10-02,1146.7
2017-10-03,1146.7
2017-10-04,1146.7
2017-10-05,1146.7
2017-10-06,1146.7
2017-10-07,1146.7
2017-10-08,1146.7
2017-10-09,1146.7
2017-10-10,1145.7
2017-10-11,1138.2
2017-10-12,1135.2
2017-10-13,1133.7
2017-10-14,1133.7
2017-10-15,1133.7
2017-10-16,1130.8
2017-10-17,1127.3
2017-10-18,1131.4
2017-10-19,1130.4
2017-10-20,1132.3
2017-10-21,1132.3
2017-10-22,1132.3
2017-10-23,1131.9
2017-10-24,1131.9
2017-10-25,1128.3
2017-10-26,1128.3
2017-10-27,1124.7
2017-10-28,1124.7
2017-10-30,1130.0
2017-10-31,1125.0
2017-11-01,1121.2
2017-11-02,1116.8
2017-11-03,1113.3
2017-11-04,1113.3
2017-11-05,1113.3
2017-11-06,1112.7
2017-11-07,1116.7
2017-11-08,1111.6
2017-11-09,1114.3
2017-11-10,1114.3
2017-11-11,1114.3
2017-11-12,1114.3
2017-11-13,1117.2
2017-11-14,1120.7
2017-11-15,1118.5
2017-11-16,1114.4
2017-11-17,1104.1
2017-11-18,1104.1
2017-11-19,1104.1
2017-11-20,1096.1
2017-11-21,1098.9
2017-11-22,1097.3
2017-11-23,1091.3
2017-11-24,1088.2
2017-11-25,1088.2
2017-11-26,1088.2
2017-11-27,1085.0
2017-11-28,1087.6
2017-11-29,1088.3
2017-11-30,1082.4
2017-12-01,1085.1
2017-12-02,1085.1
2017-12-03,1085.1
2017-12-04,1087.1
2017-12-05,1088.3
2017-12-06,1084.3
2017-12-07,1091.9
2017-12-08,1092.7
2017-12-09,1092.7
2017-12-10,1092.7
2017-12-11,1093.4
2017-12-12,1092.4
2017-12-13,1090.1
2017-12-14,1091.9
2017-12-15,1086.7
2017-12-16,1086.7
2017-12-17,1086.7
2017-12-18,1089.3
2017-12-19,1089.1
2017-12-20,1086.8
2017-12-21,1082.9
2017-12-22,1080.6
2017-12-23,1080.6
2017-12-24,1080.6
2017-12-25,1080.6
2017-12-26,1079.2
2017-12-27,1077.1
2017-12-28,1075.2
2017-12-29,1071.4
2017-12-30,1071.4
2017-12-31,1071.4
2018-01-01,1071.4
2018-01-02,1071.4
2018-01-03,1064.3
2018-01-04,1065.4
2018-01-05,1065.5
2018-01-06,1065.5
2018-01-07,1065.5
2018-01-08,1062.1
2018-01-09,1065.2
2018-01-10,1067.1
2018-01-11,1070.7
2018-01-12,1071.2
2018-01-13,1071.2
2018-01-14,1071.2
2018-01-15,1064.7
2018-01-16,1061.3
2018-01-17,1064.0
2018-01-18,1065.8
2018-01-19,1069.4
2018-01-20,1069.4
2018-01-21,1069.4
2018-01-22,1067.3
2018-01-23,1068.9
2018-01-24,1069.7
2018-01-25,1070.6
2018-01-26,1061.7
2018-01-27,1061.7
2018-01-28,1061.7
2018-01-29,1064.8
2018-01-30,1064.8
2018-01-31,1071.5
2018-02-01,1071.0
2018-02-02,1071.1
2018-02-03,1071.1
2018-02-04,1071.1
2018-02-05,1076.7
2018-02-06,1089.8
2018-02-07,1094.3
2018-02-08,1083.3
2018-02-09,1087.8
2018-02-10,1087.8
2018-02-11,1087.8
2018-02-12,1092.7
2018-02-13,1083.4
2018-02-14,1082.8
2018-02-15,1082.8
2018-02-16,1082.8
2018-02-17,1082.8
2018-02-18,1082.8
2018-02-19,1079.9
2018-02-20,1068.0
2018-02-21,1070.3
2018-02-22,1075.3
2018-02-23,1082.9
2018-02-24,1082.9
2018-02-25,1082.9
2018-02-26,1078.5
2018-02-27,1073.7
2018-02-28,1071.0
2018-03-01,1071.0
2018-03-02,1081.9
2018-03-03,1081.9
2018-03-04,1081.9
2018-03-05,1081.3
2018-03-06,1080.5
2018-03-07,1075.4
2018-03-08,1068.7
2018-03-09,1068.4
2018-03-10,1068.4
2018-03-11,1068.4
2018-03-12,1069.2
2018-03-13,1064.3
2018-03-14,1065.8
2018-03-15,1065.8
2018-03-16,1065.8
2018-03-17,1065.8
2018-03-18,1065.8
2018-03-19,1069.6
2018-03-20,1071.2
2018-03-21,1071.0
2018-03-22,1071.4
2018-03-23,1069.2
2018-03-24,1069.2
2018-03-25,1069.2
2018-03-25,1069.2
2018-03-26,1080.8
2018-03-27,1081.2
2018-03-28,1072.2
2018-03-29,1069.4
2018-03-30,1066.5
2018-03-31,1066.5
2018-04-01,1066.5
2018-04-02,1064.4
2018-04-03,1058.1
2018-04-04,1057.8
2018-04-05,1057.6
2018-04-06,1059.5
2018-04-07,1059.5
2018-04-08,1059.5
2018-04-09,1066.0
2018-04-10,1067.5
2018-04-11,1067.7
2018-04-12,1066.4
2018-04-13,1068.7
2018-04-14,1068.7
2018-04-15,1068.7
2018-04-16,1070.0
2018-04-17,1073.1
2018-04-18,1068.4
2018-04-19,1066.5
2018-04-20,1063.5
2018-04-21,1063.5
2018-04-22,1063.5
2018-04-23,1067.3
2018-04-24,1068.9
2018-04-25,1076.9
2018-04-26,1078.7
2018-04-27,1079.7
2018-04-28,1079.7
2018-04-29,1079.7
2018-04-30,1076.2
2018-05-01,1076.2
2018-05-02,1067.5
2018-05-03,1074.9
2018-05-04,1076.5
2018-05-05,1076.5
2018-05-06,1076.5
2018-05-07,1076.5
2018-05-08,1076.7
2018-05-09,1078.2
2018-05-10,1081.3
2018-05-11,1075.3
2018-05-12,1075.3
2018-05-13,1075.3
2018-05-14,1068.6
2018-05-15,1066.6
2018-05-16,1072.6
2018-05-17,1078.7
2018-05-18,1079.3
2018-05-19,1079.3
2018-05-20,1079.3
2018-05-21,1080.0
2018-05-22,1080.0
2018-05-23,1083.8
2018-05-24,1078.8
2018-05-25,1079.7
2018-05-26,1079.7
2018-05-27,1079.7
2018-05-28,1078.7
2018-05-29,1073.2
2018-05-30,1076.1
2018-05-31,1081.3
2018-06-01,1076.4
2018-06-02,1076.4
2018-06-03,1076.4
2018-06-04,1076.0
2018-06-05,1070.9
2018-06-06,1070.9
2018-06-07,1069.6
2018-06-08,1067.9
2018-06-09,1067.9
2018-06-10,1067.9
2018-06-11,1073.2
2018-06-12,1073.5
2018-06-13,1073.5
2018-06-14,1075.1
2018-06-15,1082.5
2018-06-16,1082.5
2018-06-17,1082.5
2018-06-18,1091.4
2018-06-19,1104.4
2018-06-20,1105.5
2018-06-21,1108.0
2018-06-22,1109.0
2018-06-23,1109.0
2018-06-24,1109.0
2018-06-25,1108.9
2018-06-26,1116.1
2018-06-27,1115.2
2018-06-28,1117.9
2018-06-29,1121.7
2018-06-30,1121.7
2018-07-01,1121.7
2018-07-02,1117.2
2018-07-03,1117.4
2018-07-04,1121.1
2018-07-05,1115.3
2018-07-06,1118.4
2018-07-07,1118.4
2018-07-08,1118.4
2018-07-09,1117.8
2018-07-10,1112.3
2018-07-11,1113.8
2018-07-12,1120.8
2018-07-13,1127.8
2018-07-14,1127.8
2018-07-15,1127.8
2018-07-16,1123.4
2018-07-17,1128.7
2018-07-18,1125.2
2018-07-19,1128.9
2018-07-20,1131.2
2018-07-21,1131.2
2018-07-22,1131.2
2018-07-23,1134.8
2018-07-24,1128.5
2018-07-25,1135.2
2018-07-26,1127.5
2018-07-27,1119.6
2018-07-28,1119.6
2018-07-29,1119.6
2018-07-30,1120.0
2018-07-31,1116.7
2018-08-01,1117.9
2018-08-02,1119.3
2018-08-03,1122.6
2018-08-04,1122.6
2018-08-05,1122.6
2018-08-06,1128.1
2018-08-07,1123.5
2018-08-08,1125.7
2018-08-09,1118.8
2018-08-10,1117.9
2018-08-11,1117.9
2018-08-12,1117.9
2018-08-13,1126.3
2018-08-14,1133.7
2018-08-15,1133.7
2018-08-16,1132.1
2018-08-17,1130.7
2018-08-18,1130.7
2018-08-19,1130.7
2018-08-20,1125.6
2018-08-21,1121.7
2018-08-22,1118.2
2018-08-23,1118.7
2018-08-24,1120.8
2018-08-25,1120.8
2018-08-26,1120.8
2018-08-27,1121.8
2018-08-28,1114.3
2018-08-29,1110.0
2018-08-30,1108.8
2018-08-31,1108.8
2018-09-01,1108.8
2018-09-02,1108.8
2018-09-03,1113.3
2018-09-04,1113.5
2018-09-05,1114.2
2018-09-06,1117.6
2018-09-07,1121.2
2018-09-08,1121.2
2018-09-09,1121.2
2018-09-10,1123.1
2018-09-11,1128.1
2018-09-12,1126.8
2018-09-13,1127.3
2018-09-14,1121.2
2018-09-15,1121.2
2018-09-16,1121.2
2018-09-17,1119.2
2018-09-18,1126.2
2018-09-19,1126.3
2018-09-20,1123.0
2018-09-21,1119.9
2018-09-22,1119.9
2018-09-23,1119.9
2018-09-24,1119.9
2018-09-25,1119.9
2018-09-26,1119.9
2018-09-27,1116.6
2018-09-28,1112.7
2018-09-29,1112.7
2018-09-30,1112.7
2018-10-01,1110.2
2018-10-02,1110.9
2018-10-03,1110.9
2018-10-04,1116.4
2018-10-05,1128.3
2018-10-06,1128.3
2018-10-07,1128.3
2018-10-08,1130.7
2018-10-09,1130.7
2018-10-10,1131.7
2018-10-11,1132.5
2018-10-12,1142.5
2018-10-13,1142.5
2018-10-14,1142.5
2018-10-15,1133.3
2018-10-16,1133.4
2018-10-17,1128.1
2018-10-18,1125.0
2018-10-19,1132.6
2018-10-20,1132.6
2018-10-21,1132.6
2018-10-22,1134.3
2018-10-23,1130.9
2018-10-24,1135.8
2018-10-25,1132.2
2018-10-26,1138.5
2018-10-27,1138.5
2018-10-29,1140.6
2018-10-30,1138.6
2018-10-31,1140.6
2018-11-01,1139.2
2018-11-02,1138.8
2018-11-03,1138.8
2018-11-04,1138.8
2018-11-05,1125.5
2018-11-06,1122.7
2018-11-07,1122.5
2018-11-08,1120.9
2018-11-09,1118.4
2018-11-10,1118.4
2018-11-11,1118.4
2018-11-12,1125.7
2018-11-13,1132.0
2018-11-14,1135.7
2018-11-15,1132.4
2018-11-16,1130.3
2018-11-17,1130.3
2018-11-18,1130.3
2018-11-19,1128.7
2018-11-20,1127.4
2018-11-21,1127.5
2018-11-22,1131.3
2018-11-23,1129.0
2018-11-24,1129.0
2018-11-25,1129.0
2018-11-26,1130.5
2018-11-27,1129.9
2018-11-28,1129.7
2018-11-29,1128.9
2018-11-30,1121.8
2018-12-01,1121.8
2018-12-02,1121.8
2018-12-03,1120.3
2018-12-04,1113.7
2018-12-05,1109.8
2018-12-06,1113.6
2018-12-07,1117.8
2018-12-08,1117.8
2018-12-09,1117.8
2018-12-10,1118.2
2018-12-11,1124.7
2018-12-12,1129.4
2018-12-13,1127.6
2018-12-14,1124.0
2018-12-15,1124.0
2018-12-16,1124.0
2018-12-17,1129.2
2018-12-18,1131.6
2018-12-19,1129.9
2018-12-20,1125.1
2018-12-21,1128.9
2018-12-22,1128.9
2018-12-23,1128.9
2018-12-24,1123.9
2018-12-25,1123.9
2018-12-26,1125.2
2018-12-27,1125.6
2018-12-28,1121.3
2018-12-29,1121.3
2018-12-30,1121.3
2018-12-31,1118.1
2019-01-01,1118.1
2019-01-02,1118.1
2019-01-03,1119.0
2019-01-04,1127.5
2019-01-05,1127.5
2019-01-06,1127.5
2019-01-07,1125.2
2019-01-08,1118.0
2019-01-09,1121.7
2019-01-10,1121.6
2019-01-11,1118.9
2019-01-12,1118.9
2019-01-13,1118.9
2019-01-14,1117.6
2019-01-15,1121.4
2019-01-16,1120.1
2019-01-17,1122.0
2019-01-18,1121.4
2019-01-19,1121.4
2019-01-20,1121.4
2019-01-21,1121.3
2019-01-22,1126.5
2019-01-23,1130.2
2019-01-24,1128.2
2019-01-25,1128.0
2019-01-26,1128.0
2019-01-27,1128.0
2019-01-28,1125.1
2019-01-29,1116.9
2019-01-30,1118.1
2019-01-31,1117.2
2019-02-01,1111.6
2019-02-02,1111.6
2019-02-03,1111.6
2019-02-04,1111.6
2019-02-05,1111.6
2019-02-06,1111.6
2019-02-07,1116.8
2019-02-08,1123.4
2019-02-09,1123.4
2019-02-10,1123.4
2019-02-11,1124.5
2019-02-12,1124.5
2019-02-13,1124.6
2019-02-14,1121.7
2019-02-15,1125.0
2019-02-16,1125.0
2019-02-17,1125.0
2019-02-18,1127.7
2019-02-19,1124.7
2019-02-20,1127.5
2019-02-21,1122.6
2019-02-22,1124.4
2019-02-23,1124.4
2019-02-24,1124.4
2019-02-25,1125.7
2019-02-26,1120.8
2019-02-27,1118.3
2019-02-28,1117.8
2019-03-01,1117.8
2019-03-02,1117.8
2019-03-03,1117.8
2019-03-04,1119.9
2019-03-05,1125.0
2019-03-06,1125.8
2019-03-07,1127.8
2019-03-08,1128.3
2019-03-09,1128.3
2019-03-10,1128.3
2019-03-11,1134.0
2019-03-12,1134.5
2019-03-13,1128.7
2019-03-14,1131.5
2019-03-15,1132.7
2019-03-16,1132.7
2019-03-17,1132.7
2019-03-18,1136.1
2019-03-19,1133.7
2019-03-20,1130.9
2019-03-21,1130.4
2019-03-22,1125.8
2019-03-23,1125.8
2019-03-24,1125.8
2019-03-25,1129.8
2019-03-26,1134.9
2019-03-27,1132.1
2019-03-28,1134.7
2019-03-29,1137.8
2019-03-30,1137.8
2019-03-31,1137.8
2019-03-31,1137.8
2019-04-01,1136.1
2019-04-02,1132.7
2019-04-03,1135.8
2019-04-04,1134.9
2019-04-05,1135.5
2019-04-06,1135.5
2019-04-07,1135.5
2019-04-08,1136.4
2019-04-09,1141.4
2019-04-10,1142.8
2019-04-11,1141.2
2019-04-12,1139.2
2019-04-13,1139.2
2019-04-14,1139.2
2019-04-15,1140.5
2019-04-16,1133.9
2019-04-17,1135.7
2019-04-18,1136.1
2019-04-19,1136.2
2019-04-20,1136.2
2019-04-21,1136.2
2019-04-22,1137.1
2019-04-23,1140.8
2019-04-24,1141.1
2019-04-25,1146.9
2019-04-26,1158.7
2019-04-27,1158.7
2019-04-28,1158.7
2019-04-29,1159.7
2019-04-30,1158.2
2019-05-01,1158.2
2019-05-02,1163.8
2019-05-03,1163.9
2019-05-04,1163.9
2019-05-05,1163.9
2019-05-06,1163.9
2019-05-07,1169.4
2019-05-08,1169.8
2019-05-09,1169.9
2019-05-10,1175.8
2019-05-11,1175.8
2019-05-12,1175.8
2019-05-13,1178.1
2019-05-14,1183.1
2019-05-15,1187.0
2019-05-16,1189.4
2019-05-17,1189.8
2019-05-18,1189.8
2019-05-19,1189.8
2019-05-20,1192.7
2019-05-21,1192.9
2019-05-22,1193.3
2019-05-23,1194.6
2019-05-24,1191.2
2019-05-25,1191.2
2019-05-26,1191.2
2019-05-27,1189.6
2019-05-28,1184.1
2019-05-29,1187.6
2019-05-30,1193.1
2019-05-31,1190.0
