통계표,"8.8.1.1 주요국통화의 대원화 환율"
항목명1,"원/미국달러(매매기준율)"
단위,"원 "
변환,"원자료"
2011/05/01,""
2011/05/02,"1,073.30"
2011/05/03,"1,066.80"
2011/05/04,"1,070.20"
2011/05/05,""
2011/05/06,"1,074.60"
2011/05/07,""
2011/05/08,""
2011/05/09,"1,085.00"
2011/05/10,""
2011/05/11,"1,079.90"
2011/05/12,"1,074.90"
2011/05/13,"1,082.70"
2011/05/14,""
2011/05/15,""
2011/05/16,"1,088.90"
2011/05/17,"1,092.80"
2011/05/18,"1,091.40"
2011/05/19,"1,086.70"
2011/05/20,"1,084.70"
2011/05/21,""
2011/05/22,""
2011/05/23,"1,082.70"
2011/05/24,"1,091.70"
2011/05/25,"1,094.80"
2011/05/26,"1,096.30"
2011/05/27,"1,090.50"
2011/05/28,""
2011/05/29,""
2011/05/30,"1,082.20"
2011/05/31,"1,080.60"
2011/06/01,"1,076.90"
2011/06/02,"1,076.40"
2011/06/03,"1,080.40"
2011/06/04,""
2011/06/05,""
2011/06/06,""
2011/06/07,"1,077.50"
2011/06/08,"1,080.60"
2011/06/09,"1,081.50"
2011/06/10,"1,083.10"
2011/06/11,""
2011/06/12,""
2011/06/13,"1,081.20"
2011/06/14,"1,085.90"
2011/06/15,"1,083.50"
2011/06/16,"1,082.50"
2011/06/17,"1,088.90"
2011/06/18,""
2011/06/19,""
2011/06/20,"1,087.20"
2011/06/21,"1,083.20"
2011/06/22,"1,081.70"
2011/06/23,"1,075.00"
2011/06/24,"1,076.70"
2011/06/25,""
2011/06/26,""
2011/06/27,"1,077.90"
2011/06/28,"1,086.70"
2011/06/29,"1,081.80"
2011/06/30,"1,078.10"
2011/07/01,"1,070.10"
2011/07/02,""
2011/07/03,""
2011/07/04,"1,066.40"
2011/07/05,"1,063.80"
2011/07/06,"1,065.60"
2011/07/07,"1,064.90"
2011/07/08,"1,064.30"
2011/07/09,""
2011/07/10,""
2011/07/11,"1,058.40"
2011/07/12,"1,059.70"
2011/07/13,"1,066.20"
2011/07/14,"1,063.20"
2011/07/15,"1,056.70"
2011/07/16,""
2011/07/17,""
2011/07/18,"1,057.30"
2011/07/19,"1,061.20"
2011/07/20,"1,059.70"
2011/07/21,"1,055.30"
2011/07/22,"1,055.30"
2011/07/23,""
2011/07/24,""
2011/07/25,"1,051.20"
2011/07/26,"1,054.50"
2011/07/27,"1,052.90"
2011/07/28,"1,050.20"
2011/07/29,"1,052.60"
2011/07/30,""
2011/07/31,""
2011/08/01,"1,053.10"
2011/08/02,"1,049.50"
2011/08/03,"1,051.30"
2011/08/04,"1,058.60"
2011/08/05,"1,058.50"
2011/08/06,""
2011/08/07,""
2011/08/08,"1,069.40"
2011/08/09,"1,073.50"
2011/08/10,"1,092.20"
2011/08/11,"1,080.40"
2011/08/12,"1,085.70"
2011/08/13,""
2011/08/14,""
2011/08/15,""
2011/08/16,"1,078.70"
2011/08/17,"1,070.00"
2011/08/18,"1,072.70"
2011/08/19,"1,072.30"
2011/08/20,""
2011/08/21,""
2011/08/22,"1,082.90"
2011/08/23,"1,083.40"
2011/08/24,"1,081.00"
2011/08/25,"1,079.00"
2011/08/26,"1,085.30"
2011/08/27,""
2011/08/28,""
2011/08/29,"1,084.50"
2011/08/30,"1,076.00"
2011/08/31,"1,071.70"
2011/09/01,"1,070.40"
2011/09/02,"1,063.00"
2011/09/03,""
2011/09/04,""
2011/09/05,"1,062.70"
2011/09/06,"1,068.30"
2011/09/07,"1,071.80"
2011/09/08,"1,071.70"
2011/09/09,"1,072.80"
2011/09/10,""
2011/09/11,""
2011/09/12,""
2011/09/13,""
2011/09/14,"1,076.00"
2011/09/15,"1,100.40"
2011/09/16,"1,108.10"
2011/09/17,""
2011/09/18,""
2011/09/19,"1,106.90"
2011/09/20,"1,122.30"
2011/09/21,"1,150.60"
2011/09/22,"1,147.20"
2011/09/23,"1,177.50"
2011/09/24,""
2011/09/25,""
2011/09/26,"1,186.00"
2011/09/27,"1,184.60"
2011/09/28,"1,179.70"
2011/09/29,"1,172.70"
2011/09/30,"1,179.50"
2011/10/01,""
2011/10/02,""
2011/10/03,""
2011/10/04,"1,178.10"
2011/10/05,"1,199.50"
2011/10/06,"1,192.40"
2011/10/07,"1,186.60"
2011/10/08,""
2011/10/09,""
2011/10/10,"1,179.90"
2011/10/11,"1,173.00"
2011/10/12,"1,164.20"
2011/10/13,"1,172.40"
2011/10/14,"1,158.00"
2011/10/15,""
2011/10/16,""
2011/10/17,"1,160.30"
2011/10/18,"1,145.70"
2011/10/19,"1,147.10"
2011/10/20,"1,137.70"
2011/10/21,"1,139.50"
2011/10/22,""
2011/10/23,""
2011/10/24,"1,149.50"
2011/10/25,"1,137.70"
2011/10/26,"1,127.90"
2011/10/27,"1,130.40"
2011/10/28,"1,124.50"
2011/10/29,""
2011/10/30,""
2011/10/31,"1,104.50"
2011/11/01,"1,105.20"
2011/11/02,"1,113.90"
2011/11/03,"1,126.20"
2011/11/04,"1,131.50"
2011/11/05,""
2011/11/06,""
2011/11/07,"1,112.60"
2011/11/08,"1,115.00"
2011/11/09,"1,116.30"
2011/11/10,"1,115.70"
2011/11/11,"1,134.30"
2011/11/12,""
2011/11/13,""
2011/11/14,"1,127.30"
2011/11/15,"1,120.60"
2011/11/16,"1,126.20"
2011/11/17,"1,134.50"
2011/11/18,"1,137.60"
2011/11/19,""
2011/11/20,""
2011/11/21,"1,136.40"
2011/11/22,"1,139.60"
2011/11/23,"1,146.60"
2011/11/24,"1,149.20"
2011/11/25,"1,157.10"
2011/11/26,""
2011/11/27,""
2011/11/28,"1,159.90"
2011/11/29,"1,154.90"
2011/11/30,"1,150.30"
2011/12/01,"1,140.60"
2011/12/02,"1,127.20"
2011/12/03,""
2011/12/04,""
2011/12/05,"1,127.70"
2011/12/06,"1,130.30"
2011/12/07,"1,131.20"
2011/12/08,"1,126.80"
2011/12/09,"1,130.90"
2011/12/10,""
2011/12/11,""
2011/12/12,"1,142.30"
2011/12/13,"1,145.00"
2011/12/14,"1,155.40"
2011/12/15,"1,158.50"
2011/12/16,"1,161.40"
2011/12/17,""
2011/12/18,""
2011/12/19,"1,156.50"
2011/12/20,"1,169.50"
2011/12/21,"1,167.10"
2011/12/22,"1,150.90"
2011/12/23,"1,156.20"
2011/12/24,""
2011/12/25,""
2011/12/26,"1,149.40"
2011/12/27,"1,150.00"
2011/12/28,"1,156.40"
2011/12/29,"1,157.40"
2011/12/30,"1,153.30"
2011/12/31,""
2012/01/01,""
2012/01/02,"1,153.30"
2012/01/03,"1,155.50"
2012/01/04,"1,150.90"
2012/01/05,"1,147.40"
2012/01/06,"1,150.30"
2012/01/07,""
2012/01/08,""
2012/01/09,"1,158.40"
2012/01/10,"1,164.30"
2012/01/11,"1,156.20"
2012/01/12,"1,159.40"
2012/01/13,"1,158.80"
2012/01/14,""
2012/01/15,""
2012/01/16,"1,150.60"
2012/01/17,"1,154.00"
2012/01/18,"1,147.00"
2012/01/19,"1,143.10"
2012/01/20,"1,136.40"
2012/01/21,""
2012/01/22,""
2012/01/23,""
2012/01/24,""
2012/01/25,"1,134.70"
2012/01/26,"1,126.30"
2012/01/27,"1,121.60"
2012/01/28,""
2012/01/29,""
2012/01/30,"1,123.80"
2012/01/31,"1,125.00"
2012/02/01,"1,125.80"
2012/02/02,"1,126.40"
2012/02/03,"1,118.50"
2012/02/04,""
2012/02/05,""
2012/02/06,"1,118.90"
2012/02/07,"1,119.90"
2012/02/08,"1,121.50"
2012/02/09,"1,116.70"
2012/02/10,"1,118.10"
2012/02/11,""
2012/02/12,""
2012/02/13,"1,121.20"
2012/02/14,"1,123.20"
2012/02/15,"1,123.60"
2012/02/16,"1,123.10"
2012/02/17,"1,127.80"
2012/02/18,""
2012/02/19,""
2012/02/20,"1,124.40"
2012/02/21,"1,122.70"
2012/02/22,"1,124.30"
2012/02/23,"1,126.30"
2012/02/24,"1,128.30"
2012/02/25,""
2012/02/26,""
2012/02/27,"1,124.70"
2012/02/28,"1,128.40"
2012/02/29,"1,126.50"
2012/03/01,""
2012/03/02,"1,120.10"
2012/03/03,""
2012/03/04,""
2012/03/05,"1,114.50"
2012/03/06,"1,118.40"
2012/03/07,"1,120.30"
2012/03/08,"1,126.40"
2012/03/09,"1,119.80"
2012/03/10,""
2012/03/11,""
2012/03/12,"1,116.10"
2012/03/13,"1,122.10"
2012/03/14,"1,121.50"
2012/03/15,"1,123.80"
2012/03/16,"1,129.10"
2012/03/17,""
2012/03/18,""
2012/03/19,"1,124.40"
2012/03/20,"1,123.00"
2012/03/21,"1,123.10"
2012/03/22,"1,127.40"
2012/03/23,"1,130.30"
2012/03/24,""
2012/03/25,""
2012/03/26,"1,133.80"
2012/03/27,"1,138.10"
2012/03/28,"1,136.80"
2012/03/29,"1,137.20"
2012/03/30,"1,137.80"
2012/03/31,""
2012/04/01,""
2012/04/02,"1,134.20"
2012/04/03,"1,128.10"
2012/04/04,"1,123.40"
2012/04/05,"1,127.80"
2012/04/06,"1,129.50"
2012/04/07,""
2012/04/08,""
2012/04/09,"1,130.70"
2012/04/10,"1,137.60"
2012/04/11,""
2012/04/12,"1,137.90"
2012/04/13,"1,142.30"
2012/04/14,""
2012/04/15,""
2012/04/16,"1,134.10"
2012/04/17,"1,137.70"
2012/04/18,"1,138.90"
2012/04/19,"1,136.60"
2012/04/20,"1,140.50"
2012/04/21,""
2012/04/22,""
2012/04/23,"1,140.20"
2012/04/24,"1,138.90"
2012/04/25,"1,141.20"
2012/04/26,"1,139.40"
2012/04/27,"1,137.80"
2012/04/28,""
2012/04/29,""
2012/04/30,"1,134.20"
2012/05/01,""
2012/05/02,"1,131.60"
2012/05/03,"1,126.90"
2012/05/04,"1,130.00"
2012/05/05,""
2012/05/06,""
2012/05/07,"1,131.50"
2012/05/08,"1,138.90"
2012/05/09,"1,135.70"
2012/05/10,"1,140.00"
2012/05/11,"1,142.50"
2012/05/12,""
2012/05/13,""
2012/05/14,"1,145.20"
2012/05/15,"1,148.70"
2012/05/16,"1,154.10"
2012/05/17,"1,161.90"
2012/05/18,"1,163.20"
2012/05/19,""
2012/05/20,""
2012/05/21,"1,173.10"
2012/05/22,"1,166.70"
2012/05/23,"1,163.90"
2012/05/24,"1,171.70"
2012/05/25,"1,177.20"
2012/05/26,""
2012/05/27,""
2012/05/28,""
2012/05/29,"1,180.40"
2012/05/30,"1,178.60"
2012/05/31,"1,177.80"
2012/06/01,"1,181.60"
2012/06/02,""
2012/06/03,""
2012/06/04,"1,180.30"
2012/06/05,"1,181.80"
2012/06/06,""
2012/06/07,"1,178.40"
2012/06/08,"1,170.70"
2012/06/09,""
2012/06/10,""
2012/06/11,"1,173.00"
2012/06/12,"1,167.00"
2012/06/13,"1,170.50"
2012/06/14,"1,167.80"
2012/06/15,"1,166.80"
2012/06/16,""
2012/06/17,""
2012/06/18,"1,164.00"
2012/06/19,"1,158.40"
2012/06/20,"1,158.20"
2012/06/21,"1,152.70"
2012/06/22,"1,150.10"
2012/06/23,""
2012/06/24,""
2012/06/25,"1,157.20"
2012/06/26,"1,160.80"
2012/06/27,"1,159.90"
2012/06/28,"1,157.10"
2012/06/29,"1,153.80"
2012/06/30,""
2012/07/01,""
2012/07/02,"1,151.90"
2012/07/03,"1,143.70"
2012/07/04,"1,141.60"
2012/07/05,"1,135.30"
2012/07/06,"1,136.50"
2012/07/07,""
2012/07/08,""
2012/07/09,"1,138.40"
2012/07/10,"1,142.40"
2012/07/11,"1,143.10"
2012/07/12,"1,144.10"
2012/07/13,"1,145.80"
2012/07/14,""
2012/07/15,""
2012/07/16,"1,151.40"
2012/07/17,"1,147.60"
2012/07/18,"1,143.50"
2012/07/19,"1,140.20"
2012/07/20,"1,138.60"
2012/07/21,""
2012/07/22,""
2012/07/23,"1,140.70"
2012/07/24,"1,146.90"
2012/07/25,"1,148.10"
2012/07/26,"1,150.90"
2012/07/27,"1,147.20"
2012/07/28,""
2012/07/29,""
2012/07/30,"1,139.90"
2012/07/31,"1,136.20"
2012/08/01,"1,133.20"
2012/08/02,"1,127.60"
2012/08/03,"1,130.40"
2012/08/04,""
2012/08/05,""
2012/08/06,"1,135.60"
2012/08/07,"1,126.50"
2012/08/08,"1,127.30"
2012/08/09,"1,128.00"
2012/08/10,"1,126.20"
2012/08/11,""
2012/08/12,""
2012/08/13,"1,128.10"
2012/08/14,"1,131.20"
2012/08/15,""
2012/08/16,"1,129.30"
2012/08/17,"1,133.10"
2012/08/18,""
2012/08/19,""
2012/08/20,"1,133.30"
2012/08/21,"1,135.50"
2012/08/22,"1,132.50"
2012/08/23,"1,133.50"
2012/08/24,"1,130.80"
2012/08/25,""
2012/08/26,""
2012/08/27,"1,133.70"
2012/08/28,"1,135.60"
2012/08/29,"1,137.20"
2012/08/30,"1,134.00"
2012/08/31,"1,134.60"
2012/09/01,""
2012/09/02,""
2012/09/03,"1,134.40"
2012/09/04,"1,131.80"
2012/09/05,"1,131.80"
2012/09/06,"1,135.00"
2012/09/07,"1,134.60"
2012/09/08,""
2012/09/09,""
2012/09/10,"1,130.50"
2012/09/11,"1,128.60"
2012/09/12,"1,129.30"
2012/09/13,"1,126.20"
2012/09/14,"1,127.80"
2012/09/15,""
2012/09/16,""
2012/09/17,"1,120.40"
2012/09/18,"1,115.00"
2012/09/19,"1,117.70"
2012/09/20,"1,117.10"
2012/09/21,"1,118.20"
2012/09/22,""
2012/09/23,""
2012/09/24,"1,119.40"
2012/09/25,"1,119.80"
2012/09/26,"1,118.60"
2012/09/27,"1,120.70"
2012/09/28,"1,118.60"
2012/09/29,""
2012/09/30,""
2012/10/01,""
2012/10/02,"1,112.90"
2012/10/03,""
2012/10/04,"1,112.70"
2012/10/05,"1,113.30"
2012/10/06,""
2012/10/07,""
2012/10/08,"1,110.60"
2012/10/09,"1,111.30"
2012/10/10,"1,110.60"
2012/10/11,"1,114.30"
2012/10/12,"1,115.40"
2012/10/13,""
2012/10/14,""
2012/10/15,"1,111.10"
2012/10/16,"1,112.10"
2012/10/17,"1,107.10"
2012/10/18,"1,105.00"
2012/10/19,"1,104.80"
2012/10/20,""
2012/10/21,""
2012/10/22,"1,105.30"
2012/10/23,"1,105.10"
2012/10/24,"1,102.30"
2012/10/25,"1,103.70"
2012/10/26,"1,101.40"
2012/10/27,""
2012/10/28,""
2012/10/29,"1,096.50"
2012/10/30,"1,095.90"
2012/10/31,"1,094.10"
2012/11/01,"1,090.60"
2012/11/02,"1,090.90"
2012/11/03,""
2012/11/04,""
2012/11/05,"1,091.20"
2012/11/06,"1,091.70"
2012/11/07,"1,091.50"
2012/11/08,"1,087.10"
2012/11/09,"1,088.20"
2012/11/10,""
2012/11/11,""
2012/11/12,"1,089.60"
2012/11/13,"1,088.40"
2012/11/14,"1,090.30"
2012/11/15,"1,087.30"
2012/11/16,"1,086.70"
2012/11/17,""
2012/11/18,""
2012/11/19,"1,089.30"
2012/11/20,"1,086.90"
2012/11/21,"1,083.00"
2012/11/22,"1,083.20"
2012/11/23,"1,084.10"
2012/11/24,""
2012/11/25,""
2012/11/26,"1,086.30"
2012/11/27,"1,084.90"
2012/11/28,"1,084.10"
2012/11/29,"1,085.40"
2012/11/30,"1,084.70"
2012/12/01,""
2012/12/02,""
2012/12/03,"1,083.20"
2012/12/04,"1,083.50"
2012/12/05,"1,083.70"
2012/12/06,"1,082.50"
2012/12/07,"1,082.70"
2012/12/08,""
2012/12/09,""
2012/12/10,"1,082.60"
2012/12/11,"1,079.40"
2012/12/12,"1,077.30"
2012/12/13,"1,075.70"
2012/12/14,"1,072.30"
2012/12/15,""
2012/12/16,""
2012/12/17,"1,073.90"
2012/12/18,"1,072.90"
2012/12/19,""
2012/12/20,"1,071.80"
2012/12/21,"1,073.40"
2012/12/22,""
2012/12/23,""
2012/12/24,"1,075.40"
2012/12/25,""
2012/12/26,"1,074.80"
2012/12/27,"1,073.80"
2012/12/28,"1,072.50"
2012/12/29,""
2012/12/30,""
2012/12/31,"1,071.10"
2013/01/01,""
2013/01/02,"1,071.10"
2013/01/03,"1,064.70"
2013/01/04,"1,063.80"
2013/01/05,""
2013/01/06,""
2013/01/07,"1,064.10"
2013/01/08,"1,063.40"
2013/01/09,"1,063.20"
2013/01/10,"1,062.10"
2013/01/11,"1,061.00"
2013/01/12,""
2013/01/13,""
2013/01/14,"1,056.50"
2013/01/15,"1,056.10"
2013/01/16,"1,055.40"
2013/01/17,"1,058.90"
2013/01/18,"1,058.20"
2013/01/19,""
2013/01/20,""
2013/01/21,"1,056.10"
2013/01/22,"1,060.00"
2013/01/23,"1,064.40"
2013/01/24,"1,065.40"
2013/01/25,"1,068.40"
2013/01/26,""
2013/01/27,""
2013/01/28,"1,071.80"
2013/01/29,"1,082.50"
2013/01/30,"1,088.00"
2013/01/31,"1,082.70"
2013/02/01,"1,088.90"
2013/02/02,""
2013/02/03,""
2013/02/04,"1,092.90"
2013/02/05,"1,089.00"
2013/02/06,"1,086.80"
2013/02/07,"1,088.80"
2013/02/08,"1,089.30"
2013/02/09,""
2013/02/10,""
2013/02/11,""
2013/02/12,"1,093.80"
2013/02/13,"1,094.20"
2013/02/14,"1,086.40"
2013/02/15,"1,084.70"
2013/02/16,""
2013/02/17,""
2013/02/18,"1,079.00"
2013/02/19,"1,082.60"
2013/02/20,"1,081.40"
2013/02/21,"1,077.80"
2013/02/22,"1,084.10"
2013/02/23,""
2013/02/24,""
2013/02/25,"1,086.40"
2013/02/26,"1,087.40"
2013/02/27,"1,088.00"
2013/02/28,"1,085.40"
2013/03/01,""
2013/03/02,""
2013/03/03,""
2013/03/04,"1,081.90"
2013/03/05,"1,091.40"
2013/03/06,"1,087.00"
2013/03/07,"1,083.60"
2013/03/08,"1,086.40"
2013/03/09,""
2013/03/10,""
2013/03/11,"1,090.30"
2013/03/12,"1,098.30"
2013/03/13,"1,095.00"
2013/03/14,"1,097.50"
2013/03/15,"1,105.00"
2013/03/16,""
2013/03/17,""
2013/03/18,"1,109.90"
2013/03/19,"1,114.80"
2013/03/20,"1,110.20"
2013/03/21,"1,117.50"
2013/03/22,"1,116.20"
2013/03/23,""
2013/03/24,""
2013/03/25,"1,117.20"
2013/03/26,"1,112.50"
2013/03/27,"1,107.90"
2013/03/28,"1,109.20"
2013/03/29,"1,112.10"
2013/03/30,""
2013/03/31,""
2013/04/01,"1,112.50"
2013/04/02,"1,115.50"
2013/04/03,"1,112.80"
2013/04/04,"1,120.60"
2013/04/05,"1,123.80"
2013/04/06,""
2013/04/07,""
2013/04/08,"1,127.10"
2013/04/09,"1,138.30"
2013/04/10,"1,138.90"
2013/04/11,"1,138.30"
2013/04/12,"1,129.00"
2013/04/13,""
2013/04/14,""
2013/04/15,"1,131.10"
2013/04/16,"1,124.70"
2013/04/17,"1,119.60"
2013/04/18,"1,115.30"
2013/04/19,"1,122.00"
2013/04/20,""
2013/04/21,""
2013/04/22,"1,118.50"
2013/04/23,"1,121.70"
2013/04/24,"1,120.20"
2013/04/25,"1,119.20"
2013/04/26,"1,113.90"
2013/04/27,""
2013/04/28,""
2013/04/29,"1,109.20"
2013/04/30,"1,108.10"
2013/05/01,""
2013/05/02,"1,102.20"
2013/05/03,"1,099.70"
2013/05/04,""
2013/05/05,""
2013/05/06,"1,099.90"
2013/05/07,"1,094.00"
2013/05/08,"1,094.00"
2013/05/09,"1,087.70"
2013/05/10,"1,087.00"
2013/05/11,""
2013/05/12,""
2013/05/13,"1,102.60"
2013/05/14,"1,114.60"
2013/05/15,"1,109.40"
2013/05/16,"1,113.60"
2013/05/17,""
2013/05/18,""
2013/05/19,""
2013/05/20,"1,114.30"
2013/05/21,"1,118.10"
2013/05/22,"1,112.90"
2013/05/23,"1,112.40"
2013/05/24,"1,123.70"
2013/05/25,""
2013/05/26,""
2013/05/27,"1,128.00"
2013/05/28,"1,125.10"
2013/05/29,"1,125.50"
2013/05/30,"1,131.00"
2013/05/31,"1,128.30"
2013/06/01,""
2013/06/02,""
2013/06/03,"1,126.60"
2013/06/04,"1,128.10"
2013/06/05,"1,121.80"
2013/06/06,""
2013/06/07,"1,119.20"
2013/06/08,""
2013/06/09,""
2013/06/10,"1,111.40"
2013/06/11,"1,123.60"
2013/06/12,"1,133.70"
2013/06/13,"1,131.20"
2013/06/14,"1,134.80"
2013/06/15,""
2013/06/16,""
2013/06/17,"1,128.20"
2013/06/18,"1,128.00"
2013/06/19,"1,129.90"
2013/06/20,"1,133.00"
2013/06/21,"1,144.60"
2013/06/22,""
2013/06/23,""
2013/06/24,"1,155.60"
2013/06/25,"1,157.10"
2013/06/26,"1,159.10"
2013/06/27,"1,153.40"
2013/06/28,"1,149.70"
2013/06/29,""
2013/06/30,""
2013/07/01,"1,145.30"
2013/07/02,"1,136.90"
2013/07/03,"1,132.90"
2013/07/04,"1,140.60"
2013/07/05,"1,140.20"
2013/07/06,""
2013/07/07,""
2013/07/08,"1,141.70"
2013/07/09,"1,151.40"
2013/07/10,"1,144.70"
2013/07/11,"1,138.80"
2013/07/12,"1,124.90"
2013/07/13,""
2013/07/14,""
2013/07/15,"1,122.30"
2013/07/16,"1,122.60"
2013/07/17,"1,119.00"
2013/07/18,"1,118.10"
2013/07/19,"1,122.30"
2013/07/20,""
2013/07/21,""
2013/07/22,"1,123.50"
2013/07/23,"1,118.50"
2013/07/24,"1,116.50"
2013/07/25,"1,114.10"
2013/07/26,"1,117.30"
2013/07/27,""
2013/07/28,""
2013/07/29,"1,111.70"
2013/07/30,"1,109.40"
2013/07/31,"1,113.60"
2013/08/01,"1,119.60"
2013/08/02,"1,121.40"
2013/08/03,""
2013/08/04,""
2013/08/05,"1,125.40"
2013/08/06,"1,116.30"
2013/08/07,"1,114.20"
2013/08/08,"1,117.30"
2013/08/09,"1,113.60"
2013/08/10,""
2013/08/11,""
2013/08/12,"1,111.80"
2013/08/13,"1,113.00"
2013/08/14,"1,116.50"
2013/08/15,""
2013/08/16,"1,119.50"
2013/08/17,""
2013/08/18,""
2013/08/19,"1,115.00"
2013/08/20,"1,113.70"
2013/08/21,"1,121.90"
2013/08/22,"1,118.10"
2013/08/23,"1,124.30"
2013/08/24,""
2013/08/25,""
2013/08/26,"1,118.20"
2013/08/27,"1,113.00"
2013/08/28,"1,115.80"
2013/08/29,"1,117.00"
2013/08/30,"1,110.90"
2013/08/31,""
2013/09/01,""
2013/09/02,"1,109.60"
2013/09/03,"1,104.10"
2013/09/04,"1,095.90"
2013/09/05,"1,099.80"
2013/09/06,"1,093.80"
2013/09/07,""
2013/09/08,""
2013/09/09,"1,095.40"
2013/09/10,"1,088.20"
2013/09/11,"1,084.90"
2013/09/12,"1,087.10"
2013/09/13,"1,083.20"
2013/09/14,""
2013/09/15,""
2013/09/16,"1,085.30"
2013/09/17,"1,082.20"
2013/09/18,""
2013/09/19,""
2013/09/20,""
2013/09/21,""
2013/09/22,""
2013/09/23,"1,085.20"
2013/09/24,"1,075.90"
2013/09/25,"1,074.90"
2013/09/26,"1,076.80"
2013/09/27,"1,074.40"
2013/09/28,""
2013/09/29,""
2013/09/30,"1,075.60"
2013/10/01,"1,075.20"
2013/10/02,"1,074.50"
2013/10/03,""
2013/10/04,"1,074.60"
2013/10/05,""
2013/10/06,""
2013/10/07,"1,071.60"
2013/10/08,"1,070.50"
2013/10/09,""
2013/10/10,"1,073.60"
2013/10/11,"1,075.70"
2013/10/12,""
2013/10/13,""
2013/10/14,"1,070.50"
2013/10/15,"1,072.30"
2013/10/16,"1,067.90"
2013/10/17,"1,067.10"
2013/10/18,"1,064.40"
2013/10/19,""
2013/10/20,""
2013/10/21,"1,061.40"
2013/10/22,"1,062.00"
2013/10/23,"1,061.70"
2013/10/24,"1,056.50"
2013/10/25,"1,057.20"
2013/10/26,""
2013/10/27,""
2013/10/28,"1,062.30"
2013/10/29,"1,061.40"
2013/10/30,"1,060.90"
2013/10/31,"1,061.40"
2013/11/01,"1,059.90"
2013/11/02,""
2013/11/03,""
2013/11/04,"1,062.60"
2013/11/05,"1,062.10"
2013/11/06,"1,062.00"
2013/11/07,"1,062.00"
2013/11/08,"1,060.70"
2013/11/09,""
2013/11/10,""
2013/11/11,"1,063.50"
2013/11/12,"1,068.50"
2013/11/13,"1,070.90"
2013/11/14,"1,072.90"
2013/11/15,"1,067.30"
2013/11/16,""
2013/11/17,""
2013/11/18,"1,066.70"
2013/11/19,"1,060.70"
2013/11/20,"1,055.80"
2013/11/21,"1,056.30"
2013/11/22,"1,061.90"
2013/11/23,""
2013/11/24,""
2013/11/25,"1,061.60"
2013/11/26,"1,060.60"
2013/11/27,"1,060.30"
2013/11/28,"1,060.90"
2013/11/29,"1,062.10"
2013/11/30,""
2013/12/01,""
2013/12/02,"1,058.90"
2013/12/03,"1,057.70"
2013/12/04,"1,061.30"
2013/12/05,"1,061.20"
2013/12/06,"1,060.70"
2013/12/07,""
2013/12/08,""
2013/12/09,"1,058.20"
2013/12/10,"1,053.10"
2013/12/11,"1,052.50"
2013/12/12,"1,051.90"
2013/12/13,"1,053.50"
2013/12/14,""
2013/12/15,""
2013/12/16,"1,053.10"
2013/12/17,"1,052.60"
2013/12/18,"1,051.50"
2013/12/19,"1,052.10"
2013/12/20,"1,058.10"
2013/12/21,""
2013/12/22,""
2013/12/23,"1,061.90"
2013/12/24,"1,061.00"
2013/12/25,""
2013/12/26,"1,060.40"
2013/12/27,"1,059.40"
2013/12/28,""
2013/12/29,""
2013/12/30,"1,055.60"
2013/12/31,"1,055.30"
2014/01/01,""
2014/01/02,"1,055.30"
2014/01/03,"1,050.40"
2014/01/04,""
2014/01/05,""
2014/01/06,"1,054.10"
2014/01/07,"1,062.20"
2014/01/08,"1,067.90"
2014/01/09,"1,066.00"
2014/01/10,"1,064.80"
2014/01/11,""
2014/01/12,""
2014/01/13,"1,062.80"
2014/01/14,"1,056.50"
2014/01/15,"1,058.40"
2014/01/16,"1,062.50"
2014/01/17,"1,064.20"
2014/01/18,""
2014/01/19,""
2014/01/20,"1,061.00"
2014/01/21,"1,063.90"
2014/01/22,"1,064.20"
2014/01/23,"1,068.40"
2014/01/24,"1,071.90"
2014/01/25,""
2014/01/26,""
2014/01/27,"1,077.20"
2014/01/28,"1,084.10"
2014/01/29,"1,079.20"
2014/01/30,""
2014/01/31,""
2014/02/01,""
2014/02/02,""
2014/02/03,"1,071.10"
2014/02/04,"1,082.20"
2014/02/05,"1,086.10"
2014/02/06,"1,079.50"
2014/02/07,"1,076.40"
2014/02/08,""
2014/02/09,""
2014/02/10,"1,075.10"
2014/02/11,"1,071.90"
2014/02/12,"1,072.00"
2014/02/13,"1,064.70"
2014/02/14,"1,063.90"
2014/02/15,""
2014/02/16,""
2014/02/17,"1,061.90"
2014/02/18,"1,060.50"
2014/02/19,"1,064.10"
2014/02/20,"1,067.10"
2014/02/21,"1,071.90"
2014/02/22,""
2014/02/23,""
2014/02/24,"1,073.10"
2014/02/25,"1,076.30"
2014/02/26,"1,070.60"
2014/02/27,"1,069.90"
2014/02/28,"1,067.70"
2014/03/01,""
2014/03/02,""
2014/03/03,"1,066.20"
2014/03/04,"1,071.90"
2014/03/05,"1,072.00"
2014/03/06,"1,070.60"
2014/03/07,"1,067.40"
2014/03/08,""
2014/03/09,""
2014/03/10,"1,062.60"
2014/03/11,"1,065.90"
2014/03/12,"1,064.80"
2014/03/13,"1,069.20"
2014/03/14,"1,067.40"
2014/03/15,""
2014/03/16,""
2014/03/17,"1,072.00"
2014/03/18,"1,069.90"
2014/03/19,"1,067.90"
2014/03/20,"1,070.70"
2014/03/21,"1,075.30"
2014/03/22,""
2014/03/23,""
2014/03/24,"1,080.30"
2014/03/25,"1,079.70"
2014/03/26,"1,078.20"
2014/03/27,"1,075.00"
2014/03/28,"1,072.80"
2014/03/29,""
2014/03/30,""
2014/03/31,"1,068.80"
2014/04/01,"1,066.10"
2014/04/02,"1,060.50"
2014/04/03,"1,057.00"
2014/04/04,"1,058.10"
2014/04/05,""
2014/04/06,""
2014/04/07,"1,056.10"
2014/04/08,"1,053.40"
2014/04/09,"1,053.60"
2014/04/10,"1,043.20"
2014/04/11,"1,036.00"
2014/04/12,""
2014/04/13,""
2014/04/14,"1,037.50"
2014/04/15,"1,038.90"
2014/04/16,"1,041.20"
2014/04/17,"1,041.30"
2014/04/18,"1,037.10"
2014/04/19,""
2014/04/20,""
2014/04/21,"1,037.20"
2014/04/22,"1,037.90"
2014/04/23,"1,039.60"
2014/04/24,"1,039.50"
2014/04/25,"1,038.30"
2014/04/26,""
2014/04/27,""
2014/04/28,"1,038.90"
2014/04/29,"1,037.10"
2014/04/30,"1,031.70"
2014/05/01,""
2014/05/02,"1,032.20"
2014/05/03,""
2014/05/04,""
2014/05/05,""
2014/05/06,""
2014/05/07,"1,031.20"
2014/05/08,"1,025.60"
2014/05/09,"1,023.50"
2014/05/10,""
2014/05/11,""
2014/05/12,"1,023.00"
2014/05/13,"1,025.00"
2014/05/14,"1,022.90"
2014/05/15,"1,024.60"
2014/05/16,"1,026.50"
2014/05/17,""
2014/05/18,""
2014/05/19,"1,025.80"
2014/05/20,"1,022.70"
2014/05/21,"1,024.10"
2014/05/22,"1,026.70"
2014/05/23,"1,025.20"
2014/05/24,""
2014/05/25,""
2014/05/26,"1,024.30"
2014/05/27,"1,023.90"
2014/05/28,"1,023.40"
2014/05/29,"1,022.60"
2014/05/30,"1,021.60"
2014/05/31,""
2014/06/01,""
2014/06/02,"1,020.40"
2014/06/03,"1,023.60"
2014/06/04,""
2014/06/05,"1,024.30"
2014/06/06,""
2014/06/07,""
2014/06/08,""
2014/06/09,"1,022.60"
2014/06/10,"1,017.40"
2014/06/11,"1,016.50"
2014/06/12,"1,016.50"
2014/06/13,"1,017.50"
2014/06/14,""
2014/06/15,""
2014/06/16,"1,018.00"
2014/06/17,"1,019.50"
2014/06/18,"1,022.10"
2014/06/19,"1,023.10"
2014/06/20,"1,018.30"
2014/06/21,""
2014/06/22,""
2014/06/23,"1,019.60"
2014/06/24,"1,018.40"
2014/06/25,"1,018.00"
2014/06/26,"1,020.60"
2014/06/27,"1,017.00"
2014/06/28,""
2014/06/29,""
2014/06/30,"1,014.40"
2014/07/01,"1,012.10"
2014/07/02,"1,011.80"
2014/07/03,"1,009.80"
2014/07/04,"1,009.60"
2014/07/05,""
2014/07/06,""
2014/07/07,"1,008.90"
2014/07/08,"1,009.90"
2014/07/09,"1,011.20"
2014/07/10,"1,012.20"
2014/07/11,"1,011.90"
2014/07/12,""
2014/07/13,""
2014/07/14,"1,018.00"
2014/07/15,"1,018.50"
2014/07/16,"1,023.70"
2014/07/17,"1,032.70"
2014/07/18,"1,029.60"
2014/07/19,""
2014/07/20,""
2014/07/21,"1,031.90"
2014/07/22,"1,027.50"
2014/07/23,"1,024.60"
2014/07/24,"1,022.80"
2014/07/25,"1,028.00"
2014/07/26,""
2014/07/27,""
2014/07/28,"1,029.40"
2014/07/29,"1,025.20"
2014/07/30,"1,024.70"
2014/07/31,"1,024.30"
2014/08/01,"1,026.20"
2014/08/02,""
2014/08/03,""
2014/08/04,"1,033.70"
2014/08/05,"1,031.70"
2014/08/06,"1,030.80"
2014/08/07,"1,034.30"
2014/08/08,"1,034.40"
2014/08/09,""
2014/08/10,""
2014/08/11,"1,037.40"
2014/08/12,"1,030.60"
2014/08/13,"1,028.30"
2014/08/14,"1,028.10"
2014/08/15,""
2014/08/16,""
2014/08/17,""
2014/08/18,"1,024.90"
2014/08/19,"1,017.70"
2014/08/20,"1,018.00"
2014/08/21,"1,020.90"
2014/08/22,"1,023.90"
2014/08/23,""
2014/08/24,""
2014/08/25,"1,019.50"
2014/08/26,"1,020.60"
2014/08/27,"1,018.00"
2014/08/28,"1,014.60"
2014/08/29,"1,013.60"
2014/08/30,""
2014/08/31,""
2014/09/01,"1,014.90"
2014/09/02,"1,014.30"
2014/09/03,"1,015.60"
2014/09/04,"1,018.90"
2014/09/05,"1,018.00"
2014/09/06,""
2014/09/07,""
2014/09/08,""
2014/09/09,""
2014/09/10,""
2014/09/11,"1,024.60"
2014/09/12,"1,034.40"
2014/09/13,""
2014/09/14,""
2014/09/15,"1,038.00"
2014/09/16,"1,038.90"
2014/09/17,"1,035.20"
2014/09/18,"1,033.90"
2014/09/19,"1,041.50"
2014/09/20,""
2014/09/21,""
2014/09/22,"1,044.90"
2014/09/23,"1,040.70"
2014/09/24,"1,042.10"
2014/09/25,"1,039.80"
2014/09/26,"1,042.60"
2014/09/27,""
2014/09/28,""
2014/09/29,"1,042.70"
2014/09/30,"1,050.60"
2014/10/01,"1,054.70"
2014/10/02,"1,062.10"
2014/10/03,""
2014/10/04,""
2014/10/05,""
2014/10/06,"1,061.10"
2014/10/07,"1,069.70"
2014/10/08,"1,066.50"
2014/10/09,""
2014/10/10,"1,072.30"
2014/10/11,""
2014/10/12,""
2014/10/13,"1,071.00"
2014/10/14,"1,069.10"
2014/10/15,"1,063.50"
2014/10/16,"1,065.80"
2014/10/17,"1,059.90"
2014/10/18,""
2014/10/19,""
2014/10/20,"1,062.70"
2014/10/21,"1,060.40"
2014/10/22,"1,054.50"
2014/10/23,"1,053.70"
2014/10/24,"1,055.40"
2014/10/25,""
2014/10/26,""
2014/10/27,"1,059.30"
2014/10/28,"1,052.60"
2014/10/29,"1,050.60"
2014/10/30,"1,047.00"
2014/10/31,"1,054.00"
2014/11/01,""
2014/11/02,""
2014/11/03,"1,058.80"
2014/11/04,"1,075.10"
2014/11/05,"1,079.90"
2014/11/06,"1,078.70"
2014/11/07,"1,089.10"
2014/11/08,""
2014/11/09,""
2014/11/10,"1,092.50"
2014/11/11,"1,085.20"
2014/11/12,"1,089.90"
2014/11/13,"1,098.50"
2014/11/14,"1,097.50"
2014/11/15,""
2014/11/16,""
2014/11/17,"1,099.60"
2014/11/18,"1,097.00"
2014/11/19,"1,098.90"
2014/11/20,"1,104.20"
2014/11/21,"1,113.10"
2014/11/22,""
2014/11/23,""
2014/11/24,"1,110.90"
2014/11/25,"1,112.20"
2014/11/26,"1,112.80"
2014/11/27,"1,107.00"
2014/11/28,"1,101.10"
2014/11/29,""
2014/11/30,""
2014/12/01,"1,105.00"
2014/12/02,"1,116.20"
2014/12/03,"1,106.80"
2014/12/04,"1,114.40"
2014/12/05,"1,115.80"
2014/12/06,""
2014/12/07,""
2014/12/08,"1,113.20"
2014/12/09,"1,118.30"
2014/12/10,"1,112.00"
2014/12/11,"1,104.50"
2014/12/12,"1,098.10"
2014/12/13,""
2014/12/14,""
2014/12/15,"1,103.90"
2014/12/16,"1,103.00"
2014/12/17,"1,092.40"
2014/12/18,"1,088.10"
2014/12/19,"1,103.20"
2014/12/20,""
2014/12/21,""
2014/12/22,"1,101.30"
2014/12/23,"1,097.30"
2014/12/24,"1,100.50"
2014/12/25,""
2014/12/26,"1,104.30"
2014/12/27,""
2014/12/28,""
2014/12/29,"1,099.50"
2014/12/30,"1,098.20"
2014/12/31,"1,099.20"
2015/01/01,""
2015/01/02,"1,099.20"
2015/01/03,""
2015/01/04,""
2015/01/05,"1,102.60"
2015/01/06,"1,108.70"
2015/01/07,"1,103.90"
2015/01/08,"1,099.70"
2015/01/09,"1,098.50"
2015/01/10,""
2015/01/11,""
2015/01/12,"1,092.20"
2015/01/13,"1,083.00"
2015/01/14,"1,081.50"
2015/01/15,"1,079.90"
2015/01/16,"1,084.10"
2015/01/17,""
2015/01/18,""
2015/01/19,"1,077.30"
2015/01/20,"1,079.80"
2015/01/21,"1,084.40"
2015/01/22,"1,086.80"
2015/01/23,"1,085.30"
2015/01/24,""
2015/01/25,""
2015/01/26,"1,084.10"
2015/01/27,"1,079.30"
2015/01/28,"1,082.10"
2015/01/29,"1,082.90"
2015/01/30,"1,090.80"
2015/01/31,""
2015/02/01,""
2015/02/02,"1,095.90"
2015/02/03,"1,101.20"
2015/02/04,"1,098.30"
2015/02/05,"1,089.20"
2015/02/06,"1,089.20"
2015/02/07,""
2015/02/08,""
2015/02/09,"1,088.30"
2015/02/10,"1,097.00"
2015/02/11,"1,090.80"
2015/02/12,"1,096.90"
2015/02/13,"1,107.50"
2015/02/14,""
2015/02/15,""
2015/02/16,"1,098.40"
2015/02/17,"1,098.70"
2015/02/18,""
2015/02/19,""
2015/02/20,""
2015/02/21,""
2015/02/22,""
2015/02/23,"1,101.30"
2015/02/24,"1,109.80"
2015/02/25,"1,108.60"
2015/02/26,"1,102.50"
2015/02/27,"1,099.20"
2015/02/28,""
2015/03/01,""
2015/03/02,"1,099.50"
2015/03/03,"1,102.50"
2015/03/04,"1,100.00"
2015/03/05,"1,096.50"
2015/03/06,"1,100.10"
2015/03/07,""
2015/03/08,""
2015/03/09,"1,099.50"
2015/03/10,"1,110.30"
2015/03/11,"1,119.50"
2015/03/12,"1,126.60"
2015/03/13,"1,130.90"
2015/03/14,""
2015/03/15,""
2015/03/16,"1,125.60"
2015/03/17,"1,133.90"
2015/03/18,"1,130.10"
2015/03/19,"1,126.60"
2015/03/20,"1,114.00"
2015/03/21,""
2015/03/22,""
2015/03/23,"1,121.70"
2015/03/24,"1,115.90"
2015/03/25,"1,107.10"
2015/03/26,"1,102.70"
2015/03/27,"1,104.20"
2015/03/28,""
2015/03/29,""
2015/03/30,"1,104.30"
2015/03/31,"1,105.00"
2015/04/01,"1,109.40"
2015/04/02,"1,103.80"
2015/04/03,"1,098.00"
2015/04/04,""
2015/04/05,""
2015/04/06,"1,094.60"
2015/04/07,"1,086.00"
2015/04/08,"1,089.70"
2015/04/09,"1,093.40"
2015/04/10,"1,093.90"
2015/04/11,""
2015/04/12,""
2015/04/13,"1,094.60"
2015/04/14,"1,096.60"
2015/04/15,"1,096.80"
2015/04/16,"1,096.00"
2015/04/17,"1,089.00"
2015/04/18,""
2015/04/19,""
2015/04/20,"1,085.10"
2015/04/21,"1,082.70"
2015/04/22,"1,083.50"
2015/04/23,"1,081.80"
2015/04/24,"1,083.20"
2015/04/25,""
2015/04/26,""
2015/04/27,"1,079.00"
2015/04/28,"1,074.50"
2015/04/29,"1,070.90"
2015/04/30,"1,068.10"
2015/05/01,""
2015/05/02,""
2015/05/03,""
2015/05/04,"1,069.50"
2015/05/05,""
2015/05/06,"1,080.50"
2015/05/07,"1,081.00"
2015/05/08,"1,086.60"
2015/05/09,""
2015/05/10,""
2015/05/11,"1,091.30"
2015/05/12,"1,089.90"
2015/05/13,"1,096.20"
2015/05/14,"1,094.90"
2015/05/15,"1,093.60"
2015/05/16,""
2015/05/17,""
2015/05/18,"1,089.20"
2015/05/19,"1,085.50"
2015/05/20,"1,090.90"
2015/05/21,"1,095.20"
2015/05/22,"1,094.40"
2015/05/23,""
2015/05/24,""
2015/05/25,""
2015/05/26,"1,090.80"
2015/05/27,"1,098.40"
2015/05/28,"1,107.00"
2015/05/29,"1,108.00"
2015/05/30,""
2015/05/31,""
2015/06/01,"1,107.60"
2015/06/02,"1,111.60"
2015/06/03,"1,114.50"
2015/06/04,"1,106.00"
2015/06/05,"1,109.90"
2015/06/06,""
2015/06/07,""
2015/06/08,"1,112.10"
2015/06/09,"1,121.50"
2015/06/10,"1,119.30"
2015/06/11,"1,117.30"
2015/06/12,"1,110.40"
2015/06/13,""
2015/06/14,""
2015/06/15,"1,111.90"
2015/06/16,"1,116.20"
2015/06/17,"1,117.30"
2015/06/18,"1,117.60"
2015/06/19,"1,109.90"
2015/06/20,""
2015/06/21,""
2015/06/22,"1,104.00"
2015/06/23,"1,099.90"
2015/06/24,"1,104.10"
2015/06/25,"1,108.40"
2015/06/26,"1,109.60"
2015/06/27,""
2015/06/28,""
2015/06/29,"1,115.10"
2015/06/30,"1,124.10"
2015/07/01,"1,118.30"
2015/07/02,"1,118.50"
2015/07/03,"1,123.20"
2015/07/04,""
2015/07/05,""
2015/07/06,"1,120.10"
2015/07/07,"1,126.30"
2015/07/08,"1,129.60"
2015/07/09,"1,135.70"
2015/07/10,"1,136.20"
2015/07/11,""
2015/07/12,""
2015/07/13,"1,130.00"
2015/07/14,"1,131.50"
2015/07/15,"1,139.40"
2015/07/16,"1,141.50"
2015/07/17,"1,148.40"
2015/07/18,""
2015/07/19,""
2015/07/20,"1,146.30"
2015/07/21,"1,151.90"
2015/07/22,"1,158.40"
2015/07/23,"1,152.60"
2015/07/24,"1,162.30"
2015/07/25,""
2015/07/26,""
2015/07/27,"1,164.60"
2015/07/28,"1,168.90"
2015/07/29,"1,166.20"
2015/07/30,"1,157.90"
2015/07/31,"1,166.30"
2015/08/01,""
2015/08/02,""
2015/08/03,"1,169.40"
2015/08/04,"1,165.20"
2015/08/05,"1,169.30"
2015/08/06,"1,172.10"
2015/08/07,"1,170.20"
2015/08/08,""
2015/08/09,""
2015/08/10,"1,164.30"
2015/08/11,"1,165.30"
2015/08/12,"1,170.40"
2015/08/13,"1,190.30"
2015/08/14,""
2015/08/15,""
2015/08/16,""
2015/08/17,"1,174.20"
2015/08/18,"1,182.20"
2015/08/19,"1,184.70"
2015/08/20,"1,185.10"
2015/08/21,"1,185.10"
2015/08/22,""
2015/08/23,""
2015/08/24,"1,192.00"
2015/08/25,"1,198.10"
2015/08/26,"1,194.60"
2015/08/27,"1,188.90"
2015/08/28,"1,184.30"
2015/08/29,""
2015/08/30,""
2015/08/31,"1,176.30"
2015/09/01,"1,183.00"
2015/09/02,"1,175.60"
2015/09/03,"1,178.00"
2015/09/04,"1,187.60"
2015/09/05,""
2015/09/06,""
2015/09/07,"1,191.00"
2015/09/08,"1,202.00"
2015/09/09,"1,203.10"
2015/09/10,"1,192.00"
2015/09/11,"1,195.80"
2015/09/12,""
2015/09/13,""
2015/09/14,"1,183.80"
2015/09/15,"1,181.00"
2015/09/16,"1,182.40"
2015/09/17,"1,179.40"
2015/09/18,"1,169.70"
2015/09/19,""
2015/09/20,""
2015/09/21,"1,166.70"
2015/09/22,"1,173.00"
2015/09/23,"1,177.20"
2015/09/24,"1,187.50"
2015/09/25,"1,191.80"
2015/09/26,""
2015/09/27,""
2015/09/28,""
2015/09/29,""
2015/09/30,"1,194.50"
2015/10/01,"1,190.40"
2015/10/02,"1,179.00"
2015/10/03,""
2015/10/04,""
2015/10/05,"1,180.50"
2015/10/06,"1,172.10"
2015/10/07,"1,164.80"
2015/10/08,"1,165.20"
2015/10/09,""
2015/10/10,""
2015/10/11,""
2015/10/12,"1,159.40"
2015/10/13,"1,147.40"
2015/10/14,"1,147.50"
2015/10/15,"1,150.10"
2015/10/16,"1,133.70"
2015/10/17,""
2015/10/18,""
2015/10/19,"1,128.90"
2015/10/20,"1,125.30"
2015/10/21,"1,130.10"
2015/10/22,"1,131.30"
2015/10/23,"1,138.20"
2015/10/24,""
2015/10/25,""
2015/10/26,"1,127.40"
2015/10/27,"1,134.10"
2015/10/28,"1,131.20"
2015/10/29,"1,132.90"
2015/10/30,"1,142.30"
2015/10/31,""
2015/11/01,""
2015/11/02,"1,138.60"
2015/11/03,"1,140.10"
2015/11/04,"1,133.40"
2015/11/05,"1,129.50"
2015/11/06,"1,137.10"
2015/11/07,""
2015/11/08,""
2015/11/09,"1,138.60"
2015/11/10,"1,154.10"
2015/11/11,"1,158.20"
2015/11/12,"1,154.80"
2015/11/13,"1,154.50"
2015/11/14,""
2015/11/15,""
2015/11/16,"1,161.30"
2015/11/17,"1,172.70"
2015/11/18,"1,169.20"
2015/11/19,"1,173.40"
2015/11/20,"1,164.20"
2015/11/21,""
2015/11/22,""
2015/11/23,"1,156.90"
2015/11/24,"1,157.90"
2015/11/25,"1,155.60"
2015/11/26,"1,145.10"
2015/11/27,"1,145.70"
2015/11/28,""
2015/11/29,""
2015/11/30,"1,150.40"
2015/12/01,"1,157.70"
2015/12/02,"1,158.10"
2015/12/03,"1,159.30"
2015/12/04,"1,167.40"
2015/12/05,""
2015/12/06,""
2015/12/07,"1,156.80"
2015/12/08,"1,166.40"
2015/12/09,"1,176.00"
2015/12/10,"1,178.20"
2015/12/11,"1,177.50"
2015/12/12,""
2015/12/13,""
2015/12/14,"1,179.70"
2015/12/15,"1,186.10"
2015/12/16,"1,182.90"
2015/12/17,"1,178.20"
2015/12/18,"1,178.90"
2015/12/19,""
2015/12/20,""
2015/12/21,"1,184.30"
2015/12/22,"1,178.20"
2015/12/23,"1,176.10"
2015/12/24,"1,171.70"
2015/12/25,""
2015/12/26,""
2015/12/27,""
2015/12/28,"1,171.00"
2015/12/29,"1,165.00"
2015/12/30,"1,167.70"
2015/12/31,"1,172.00"
2016/01/01,""
2016/01/02,""
2016/01/03,""
2016/01/04,"1,172.00"
2016/01/05,"1,184.30"
2016/01/06,"1,187.70"
2016/01/07,"1,193.90"
2016/01/08,"1,199.70"
2016/01/09,""
2016/01/10,""
2016/01/11,"1,196.20"
2016/01/12,"1,208.60"
2016/01/13,"1,208.50"
2016/01/14,"1,206.40"
2016/01/15,"1,212.70"
2016/01/16,""
2016/01/17,""
2016/01/18,"1,211.00"
2016/01/19,"1,212.50"
2016/01/20,"1,209.90"
2016/01/21,"1,211.60"
2016/01/22,"1,209.90"
2016/01/23,""
2016/01/24,""
2016/01/25,"1,203.20"
2016/01/26,"1,194.40"
2016/01/27,"1,201.40"
2016/01/28,"1,201.00"
2016/01/29,"1,208.40"
2016/01/30,""
2016/01/31,""
2016/02/01,"1,206.20"
2016/02/02,"1,204.50"
2016/02/03,"1,203.10"
2016/02/04,"1,216.70"
2016/02/05,"1,202.70"
2016/02/06,""
2016/02/07,""
2016/02/08,""
2016/02/09,""
2016/02/10,""
2016/02/11,"1,195.10"
2016/02/12,"1,197.00"
2016/02/13,""
2016/02/14,""
2016/02/15,"1,206.50"
2016/02/16,"1,209.90"
2016/02/17,"1,216.60"
2016/02/18,"1,224.80"
2016/02/19,"1,225.70"
2016/02/20,""
2016/02/21,""
2016/02/22,"1,233.90"
2016/02/23,"1,233.20"
2016/02/24,"1,230.10"
2016/02/25,"1,234.80"
2016/02/26,"1,236.10"
2016/02/27,""
2016/02/28,""
2016/02/29,"1,235.40"
2016/03/01,""
2016/03/02,"1,240.90"
2016/03/03,"1,232.70"
2016/03/04,"1,218.90"
2016/03/05,""
2016/03/06,""
2016/03/07,"1,208.50"
2016/03/08,"1,200.70"
2016/03/09,"1,205.20"
2016/03/10,"1,214.50"
2016/03/11,"1,208.80"
2016/03/12,""
2016/03/13,""
2016/03/14,"1,200.10"
2016/03/15,"1,186.50"
2016/03/16,"1,189.20"
2016/03/17,"1,192.70"
2016/03/18,"1,174.50"
2016/03/19,""
2016/03/20,""
2016/03/21,"1,161.30"
2016/03/22,"1,165.30"
2016/03/23,"1,159.50"
2016/03/24,"1,158.80"
2016/03/25,"1,167.10"
2016/03/26,""
2016/03/27,""
2016/03/28,"1,169.40"
2016/03/29,"1,169.60"
2016/03/30,"1,163.00"
2016/03/31,"1,153.50"
2016/04/01,"1,144.50"
2016/04/02,""
2016/04/03,""
2016/04/04,"1,148.90"
2016/04/05,"1,147.80"
2016/04/06,"1,155.00"
2016/04/07,"1,155.90"
2016/04/08,"1,154.50"
2016/04/09,""
2016/04/10,""
2016/04/11,"1,156.50"
2016/04/12,"1,149.20"
2016/04/13,""
2016/04/14,"1,144.70"
2016/04/15,"1,153.40"
2016/04/16,""
2016/04/17,""
2016/04/18,"1,150.70"
2016/04/19,"1,151.10"
2016/04/20,"1,140.50"
2016/04/21,"1,132.30"
2016/04/22,"1,134.90"
2016/04/23,""
2016/04/24,""
2016/04/25,"1,141.10"
2016/04/26,"1,149.70"
2016/04/27,"1,149.70"
2016/04/28,"1,145.90"
2016/04/29,"1,143.90"
2016/04/30,""
2016/05/01,""
2016/05/02,"1,138.10"
2016/05/03,"1,140.80"
2016/05/04,"1,137.10"
2016/05/05,""
2016/05/06,""
2016/05/07,""
2016/05/08,""
2016/05/09,"1,153.50"
2016/05/10,"1,164.70"
2016/05/11,"1,174.00"
2016/05/12,"1,168.10"
2016/05/13,"1,164.10"
2016/05/14,""
2016/05/15,""
2016/05/16,"1,169.40"
2016/05/17,"1,178.60"
2016/05/18,"1,173.30"
2016/05/19,"1,180.90"
2016/05/20,"1,190.80"
2016/05/21,""
2016/05/22,""
2016/05/23,"1,188.40"
2016/05/24,"1,183.10"
2016/05/25,"1,188.60"
2016/05/26,"1,185.80"
2016/05/27,"1,181.00"
2016/05/28,""
2016/05/29,""
2016/05/30,"1,179.30"
2016/05/31,"1,190.60"
2016/06/01,"1,190.50"
2016/06/02,"1,192.20"
2016/06/03,"1,189.60"
2016/06/04,""
2016/06/05,""
2016/06/06,""
2016/06/07,"1,186.50"
2016/06/08,"1,163.20"
2016/06/09,"1,156.50"
2016/06/10,"1,155.80"
2016/06/11,""
2016/06/12,""
2016/06/13,"1,163.10"
2016/06/14,"1,172.80"
2016/06/15,"1,172.50"
2016/06/16,"1,176.30"
2016/06/17,"1,170.10"
2016/06/18,""
2016/06/19,""
2016/06/20,"1,170.80"
2016/06/21,"1,163.20"
2016/06/22,"1,158.20"
2016/06/23,"1,155.70"
2016/06/24,"1,151.20"
2016/06/25,""
2016/06/26,""
2016/06/27,"1,168.50"
2016/06/28,"1,183.30"
2016/06/29,"1,175.90"
2016/06/30,"1,164.70"
2016/07/01,"1,152.60"
2016/07/02,""
2016/07/03,""
2016/07/04,"1,147.50"
2016/07/05,"1,148.10"
2016/07/06,"1,153.00"
2016/07/07,"1,165.80"
2016/07/08,"1,156.60"
2016/07/09,""
2016/07/10,""
2016/07/11,"1,159.20"
2016/07/12,"1,147.80"
2016/07/13,"1,149.30"
2016/07/14,"1,145.70"
2016/07/15,"1,141.80"
2016/07/16,""
2016/07/17,""
2016/07/18,"1,132.70"
2016/07/19,"1,136.30"
2016/07/20,"1,138.40"
2016/07/21,"1,140.80"
2016/07/22,"1,140.20"
2016/07/23,""
2016/07/24,""
2016/07/25,"1,135.00"
2016/07/26,"1,136.90"
2016/07/27,"1,138.40"
2016/07/28,"1,134.10"
2016/07/29,"1,125.70"
2016/07/30,""
2016/07/31,""
2016/08/01,"1,122.40"
2016/08/02,"1,111.00"
2016/08/03,"1,108.90"
2016/08/04,"1,114.00"
2016/08/05,"1,113.80"
2016/08/06,""
2016/08/07,""
2016/08/08,"1,111.30"
2016/08/09,"1,112.70"
2016/08/10,"1,107.20"
2016/08/11,"1,096.10"
2016/08/12,"1,098.60"
2016/08/13,""
2016/08/14,""
2016/08/15,""
2016/08/16,"1,101.10"
2016/08/17,"1,095.00"
2016/08/18,"1,102.30"
2016/08/19,"1,106.40"
2016/08/20,""
2016/08/21,""
2016/08/22,"1,115.20"
2016/08/23,"1,125.30"
2016/08/24,"1,117.40"
2016/08/25,"1,121.60"
2016/08/26,"1,119.00"
2016/08/27,""
2016/08/28,""
2016/08/29,"1,113.90"
2016/08/30,"1,125.20"
2016/08/31,"1,118.50"
2016/09/01,"1,117.40"
2016/09/02,"1,119.30"
2016/09/03,""
2016/09/04,""
2016/09/05,"1,117.60"
2016/09/06,"1,108.20"
2016/09/07,"1,105.00"
2016/09/08,"1,093.20"
2016/09/09,"1,093.20"
2016/09/10,""
2016/09/11,""
2016/09/12,"1,099.50"
2016/09/13,"1,110.60"
2016/09/14,""
2016/09/15,""
2016/09/16,""
2016/09/17,""
2016/09/18,""
2016/09/19,"1,112.30"
2016/09/20,"1,120.00"
2016/09/21,"1,119.50"
2016/09/22,"1,116.80"
2016/09/23,"1,103.10"
2016/09/24,""
2016/09/25,""
2016/09/26,"1,104.20"
2016/09/27,"1,106.90"
2016/09/28,"1,103.50"
2016/09/29,"1,095.70"
2016/09/30,"1,096.30"
2016/10/01,""
2016/10/02,""
2016/10/03,""
2016/10/04,"1,102.00"
2016/10/05,"1,105.10"
2016/10/06,"1,113.80"
2016/10/07,"1,111.30"
2016/10/08,""
2016/10/09,""
2016/10/10,"1,115.70"
2016/10/11,"1,111.00"
2016/10/12,"1,117.20"
2016/10/13,"1,123.30"
2016/10/14,"1,130.50"
2016/10/15,""
2016/10/16,""
2016/10/17,"1,132.90"
2016/10/18,"1,140.30"
2016/10/19,"1,132.30"
2016/10/20,"1,122.80"
2016/10/21,"1,124.00"
2016/10/22,""
2016/10/23,""
2016/10/24,"1,134.50"
2016/10/25,"1,134.50"
2016/10/26,"1,136.50"
2016/10/27,"1,132.40"
2016/10/28,"1,140.20"
2016/10/29,""
2016/10/30,""
2016/10/31,"1,145.20"
2016/11/01,"1,144.60"
2016/11/02,"1,141.80"
2016/11/03,"1,148.70"
2016/11/04,"1,140.60"
2016/11/05,""
2016/11/06,""
2016/11/07,"1,143.40"
2016/11/08,"1,141.60"
2016/11/09,"1,137.50"
2016/11/10,"1,145.80"
2016/11/11,"1,151.00"
2016/11/12,""
2016/11/13,""
2016/11/14,"1,164.40"
2016/11/15,"1,169.80"
2016/11/16,"1,168.80"
2016/11/17,"1,167.20"
2016/11/18,"1,174.40"
2016/11/19,""
2016/11/20,""
2016/11/21,"1,182.30"
2016/11/22,"1,183.60"
2016/11/23,"1,175.50"
2016/11/24,"1,174.90"
2016/11/25,"1,182.40"
2016/11/26,""
2016/11/27,""
2016/11/28,"1,178.90"
2016/11/29,"1,170.30"
2016/11/30,"1,168.50"
2016/12/01,"1,168.00"
2016/12/02,"1,172.60"
2016/12/03,""
2016/12/04,""
2016/12/05,"1,170.50"
2016/12/06,"1,173.80"
2016/12/07,"1,169.50"
2016/12/08,"1,169.40"
2016/12/09,"1,159.10"
2016/12/10,""
2016/12/11,""
2016/12/12,"1,166.20"
2016/12/13,"1,170.20"
2016/12/14,"1,165.50"
2016/12/15,"1,168.30"
2016/12/16,"1,180.10"
2016/12/17,""
2016/12/18,""
2016/12/19,"1,183.40"
2016/12/20,"1,186.40"
2016/12/21,"1,191.20"
2016/12/22,"1,194.20"
2016/12/23,"1,198.00"
2016/12/24,""
2016/12/25,""
2016/12/26,"1,202.90"
2016/12/27,"1,199.40"
2016/12/28,"1,205.30"
2016/12/29,"1,207.60"
2016/12/30,"1,208.50"
2016/12/31,""
2017/01/01,""
2017/01/02,"1,208.50"
2017/01/03,"1,207.80"
2017/01/04,"1,206.20"
2017/01/05,"1,206.70"
2017/01/06,"1,191.60"
2017/01/07,""
2017/01/08,""
2017/01/09,"1,189.10"
2017/01/10,"1,205.50"
2017/01/11,"1,198.70"
2017/01/12,"1,196.40"
2017/01/13,"1,182.80"
2017/01/14,""
2017/01/15,""
2017/01/16,"1,177.70"
2017/01/17,"1,180.50"
2017/01/18,"1,180.90"
2017/01/19,"1,165.60"
2017/01/20,"1,177.10"
2017/01/21,""
2017/01/22,""
2017/01/23,"1,172.50"
2017/01/24,"1,166.70"
2017/01/25,"1,163.60"
2017/01/26,"1,166.20"
2017/01/27,""
2017/01/28,""
2017/01/29,""
2017/01/30,""
2017/01/31,"1,157.80"
2017/02/01,"1,165.50"
2017/02/02,"1,155.20"
2017/02/03,"1,149.20"
2017/02/04,""
2017/02/05,""
2017/02/06,"1,146.80"
2017/02/07,"1,137.70"
2017/02/08,"1,142.10"
2017/02/09,"1,145.40"
2017/02/10,"1,145.70"
2017/02/11,""
2017/02/12,""
2017/02/13,"1,151.40"
2017/02/14,"1,151.90"
2017/02/15,"1,144.50"
2017/02/16,"1,141.60"
2017/02/17,"1,138.90"
2017/02/18,""
2017/02/19,""
2017/02/20,"1,145.30"
2017/02/21,"1,147.60"
2017/02/22,"1,146.80"
2017/02/23,"1,140.90"
2017/02/24,"1,138.80"
2017/02/25,""
2017/02/26,""
2017/02/27,"1,131.00"
2017/02/28,"1,132.10"
2017/03/01,""
2017/03/02,"1,132.30"
2017/03/03,"1,142.00"
2017/03/04,""
2017/03/05,""
2017/03/06,"1,152.70"
2017/03/07,"1,156.10"
2017/03/08,"1,151.20"
2017/03/09,"1,146.60"
2017/03/10,"1,156.10"
2017/03/11,""
2017/03/12,""
2017/03/13,"1,158.20"
2017/03/14,"1,147.70"
2017/03/15,"1,147.30"
2017/03/16,"1,146.30"
2017/03/17,"1,131.70"
2017/03/18,""
2017/03/19,""
2017/03/20,"1,131.40"
2017/03/21,"1,124.50"
2017/03/22,"1,117.50"
2017/03/23,"1,123.80"
2017/03/24,"1,120.00"
2017/03/25,""
2017/03/26,""
2017/03/27,"1,122.70"
2017/03/28,"1,114.20"
2017/03/29,"1,112.50"
2017/03/30,"1,114.00"
2017/03/31,"1,116.10"
2017/04/01,""
2017/04/02,""
2017/04/03,"1,119.30"
2017/04/04,"1,113.80"
2017/04/05,"1,118.90"
2017/04/06,"1,124.00"
2017/04/07,"1,131.00"
2017/04/08,""
2017/04/09,""
2017/04/10,"1,134.60"
2017/04/11,"1,141.60"
2017/04/12,"1,145.80"
2017/04/13,"1,145.20"
2017/04/14,"1,131.90"
2017/04/15,""
2017/04/16,""
2017/04/17,"1,138.80"
2017/04/18,"1,136.50"
2017/04/19,"1,137.90"
2017/04/20,"1,139.80"
2017/04/21,"1,141.40"
2017/04/22,""
2017/04/23,""
2017/04/24,"1,136.60"
2017/04/25,"1,131.70"
2017/04/26,"1,130.50"
2017/04/27,"1,125.10"
2017/04/28,"1,130.10"
2017/04/29,""
2017/04/30,""
2017/05/01,""
2017/05/02,"1,133.40"
2017/05/03,""
2017/05/04,"1,130.70"
2017/05/05,""
2017/05/06,""
2017/05/07,""
2017/05/08,"1,132.10"
2017/05/09,""
2017/05/10,"1,132.40"
2017/05/11,"1,134.50"
2017/05/12,"1,130.40"
2017/05/13,""
2017/05/14,""
2017/05/15,"1,126.80"
2017/05/16,"1,125.40"
2017/05/17,"1,117.70"
2017/05/18,"1,118.40"
2017/05/19,"1,125.20"
2017/05/20,""
2017/05/21,""
2017/05/22,"1,127.50"
2017/05/23,"1,117.10"
2017/05/24,"1,120.60"
2017/05/25,"1,126.60"
2017/05/26,"1,118.00"
2017/05/27,""
2017/05/28,""
2017/05/29,"1,119.50"
2017/05/30,"1,120.10"
2017/05/31,"1,123.90"
2017/06/01,"1,121.80"
2017/06/02,"1,120.40"
2017/06/03,""
2017/06/04,""
2017/06/05,"1,120.90"
2017/06/06,""
2017/06/07,"1,118.40"
2017/06/08,"1,122.00"
2017/06/09,"1,125.00"
2017/06/10,""
2017/06/11,""
2017/06/12,"1,121.60"
2017/06/13,"1,126.00"
2017/06/14,"1,128.90"
2017/06/15,"1,125.60"
2017/06/16,"1,122.80"
2017/06/17,""
2017/06/18,""
2017/06/19,"1,133.00"
2017/06/20,"1,131.40"
2017/06/21,"1,137.00"
2017/06/22,"1,142.20"
2017/06/23,"1,140.80"
2017/06/24,""
2017/06/25,""
2017/06/26,"1,140.10"
2017/06/27,"1,135.20"
2017/06/28,"1,136.40"
2017/06/29,"1,141.70"
2017/06/30,"1,139.60"
2017/07/01,""
2017/07/02,""
2017/07/03,"1,144.00"
2017/07/04,"1,145.00"
2017/07/05,"1,149.30"
2017/07/06,"1,149.30"
2017/07/07,"1,153.50"
2017/07/08,""
2017/07/09,""
2017/07/10,"1,155.80"
2017/07/11,"1,149.90"
2017/07/12,"1,150.10"
2017/07/13,"1,145.60"
2017/07/14,"1,137.50"
2017/07/15,""
2017/07/16,""
2017/07/17,"1,136.00"
2017/07/18,"1,128.20"
2017/07/19,"1,126.30"
2017/07/20,"1,121.80"
2017/07/21,"1,124.90"
2017/07/22,""
2017/07/23,""
2017/07/24,"1,121.20"
2017/07/25,"1,116.10"
2017/07/26,"1,116.10"
2017/07/27,"1,120.30"
2017/07/28,"1,112.50"
2017/07/29,""
2017/07/30,""
2017/07/31,"1,119.10"
2017/08/01,"1,121.90"
2017/08/02,"1,118.00"
2017/08/03,"1,123.20"
2017/08/04,"1,127.60"
2017/08/05,""
2017/08/06,""
2017/08/07,"1,125.40"
2017/08/08,"1,127.30"
2017/08/09,"1,125.40"
2017/08/10,"1,134.70"
2017/08/11,"1,141.10"
2017/08/12,""
2017/08/13,""
2017/08/14,"1,146.30"
2017/08/15,""
2017/08/16,"1,138.20"
2017/08/17,"1,139.60"
2017/08/18,"1,135.90"
2017/08/19,""
2017/08/20,""
2017/08/21,"1,142.00"
2017/08/22,"1,138.30"
2017/08/23,"1,135.60"
2017/08/24,"1,130.90"
2017/08/25,"1,127.30"
2017/08/26,""
2017/08/27,""
2017/08/28,"1,129.20"
2017/08/29,"1,120.40"
2017/08/30,"1,126.20"
2017/08/31,"1,122.80"
2017/09/01,"1,125.80"
2017/09/02,""
2017/09/03,""
2017/09/04,"1,122.70"
2017/09/05,"1,131.50"
2017/09/06,"1,131.30"
2017/09/07,"1,133.70"
2017/09/08,"1,129.60"
2017/09/09,""
2017/09/10,""
2017/09/11,"1,126.80"
2017/09/12,"1,129.50"
2017/09/13,"1,129.80"
2017/09/14,"1,127.50"
2017/09/15,"1,132.50"
2017/09/16,""
2017/09/17,""
2017/09/18,"1,133.50"
2017/09/19,"1,127.90"
2017/09/20,"1,130.00"
2017/09/21,"1,129.10"
2017/09/22,"1,132.80"
2017/09/23,""
2017/09/24,""
2017/09/25,"1,136.30"
2017/09/26,"1,130.70"
2017/09/27,"1,136.30"
2017/09/28,"1,139.40"
2017/09/29,"1,146.70"
2017/09/30,""
2017/10/01,""
2017/10/02,""
2017/10/03,""
2017/10/04,""
2017/10/05,""
2017/10/06,""
2017/10/07,""
2017/10/08,""
2017/10/09,""
2017/10/10,"1,145.70"
2017/10/11,"1,138.20"
2017/10/12,"1,135.20"
2017/10/13,"1,133.70"
2017/10/14,""
2017/10/15,""
2017/10/16,"1,130.80"
2017/10/17,"1,127.30"
2017/10/18,"1,131.40"
2017/10/19,"1,130.40"
2017/10/20,"1,132.30"
2017/10/21,""
2017/10/22,""
2017/10/23,"1,131.90"
2017/10/24,"1,131.90"
2017/10/25,"1,128.30"
2017/10/26,"1,128.30"
2017/10/27,"1,124.70"
2017/10/28,""
2017/10/29,""
2017/10/30,"1,130.00"
2017/10/31,"1,125.00"
2017/11/01,"1,121.20"
2017/11/02,"1,116.80"
2017/11/03,"1,113.30"
2017/11/04,""
2017/11/05,""
2017/11/06,"1,112.70"
2017/11/07,"1,116.70"
2017/11/08,"1,111.60"
2017/11/09,"1,114.30"
2017/11/10,"1,114.30"
2017/11/11,""
2017/11/12,""
2017/11/13,"1,117.20"
2017/11/14,"1,120.70"
2017/11/15,"1,118.50"
2017/11/16,"1,114.40"
2017/11/17,"1,104.10"
2017/11/18,""
2017/11/19,""
2017/11/20,"1,096.10"
2017/11/21,"1,098.90"
2017/11/22,"1,097.30"
2017/11/23,"1,091.30"
2017/11/24,"1,088.20"
2017/11/25,""
2017/11/26,""
2017/11/27,"1,085.00"
2017/11/28,"1,087.60"
2017/11/29,"1,088.30"
2017/11/30,"1,082.40"
2017/12/01,"1,085.10"
2017/12/02,""
2017/12/03,""
2017/12/04,"1,087.10"
2017/12/05,"1,088.30"
2017/12/06,"1,084.30"
2017/12/07,"1,091.90"
2017/12/08,"1,092.70"
2017/12/09,""
2017/12/10,""
2017/12/11,"1,093.40"
2017/12/12,"1,092.40"
2017/12/13,"1,090.10"
2017/12/14,"1,091.90"
2017/12/15,"1,086.70"
2017/12/16,""
2017/12/17,""
2017/12/18,"1,089.30"
2017/12/19,"1,089.10"
2017/12/20,"1,086.80"
2017/12/21,"1,082.90"
2017/12/22,"1,080.60"
2017/12/23,""
2017/12/24,""
2017/12/25,""
2017/12/26,"1,079.20"
2017/12/27,"1,077.10"
2017/12/28,"1,075.20"
2017/12/29,"1,071.40"
2017/12/30,""
2017/12/31,""
2018/01/01,""
2018/01/02,"1,071.40"
2018/01/03,"1,064.30"
2018/01/04,"1,065.40"
2018/01/05,"1,065.50"
2018/01/06,""
2018/01/07,""
2018/01/08,"1,062.10"
2018/01/09,"1,065.20"
2018/01/10,"1,067.10"
2018/01/11,"1,070.70"
2018/01/12,"1,071.20"
2018/01/13,""
2018/01/14,""
2018/01/15,"1,064.70"
2018/01/16,"1,061.30"
2018/01/17,"1,064.00"
2018/01/18,"1,065.80"
2018/01/19,"1,069.40"
2018/01/20,""
2018/01/21,""
2018/01/22,"1,067.30"
2018/01/23,"1,068.90"
2018/01/24,"1,069.70"
2018/01/25,"1,070.60"
2018/01/26,"1,061.70"
2018/01/27,""
2018/01/28,""
2018/01/29,"1,064.80"
2018/01/30,"1,064.80"
2018/01/31,"1,071.50"
2018/02/01,"1,071.00"
2018/02/02,"1,071.10"
2018/02/03,""
2018/02/04,""
2018/02/05,"1,076.70"
2018/02/06,"1,089.80"
2018/02/07,"1,094.30"
2018/02/08,"1,083.30"
2018/02/09,"1,087.80"
2018/02/10,""
2018/02/11,""
2018/02/12,"1,092.70"
2018/02/13,"1,083.40"
2018/02/14,"1,082.80"
2018/02/15,""
2018/02/16,""
2018/02/17,""
2018/02/18,""
2018/02/19,"1,079.90"
2018/02/20,"1,068.00"
2018/02/21,"1,070.30"
2018/02/22,"1,075.30"
2018/02/23,"1,082.90"
2018/02/24,""
2018/02/25,""
2018/02/26,"1,078.50"
2018/02/27,"1,073.70"
2018/02/28,"1,071.00"
2018/03/01,""
2018/03/02,"1,081.90"
2018/03/03,""
2018/03/04,""
2018/03/05,"1,081.30"
2018/03/06,"1,080.50"
2018/03/07,"1,075.40"
2018/03/08,"1,068.70"
2018/03/09,"1,068.40"
2018/03/10,""
2018/03/11,""
2018/03/12,"1,069.20"
2018/03/13,"1,064.30"
2018/03/14,"1,065.80"
2018/03/15,"1,065.80"
2018/03/16,"1,065.80"
2018/03/17,""
2018/03/18,""
2018/03/19,"1,069.60"
2018/03/20,"1,071.20"
2018/03/21,"1,071.00"
2018/03/22,"1,071.40"
2018/03/23,"1,069.20"
2018/03/24,""
2018/03/25,""
2018/03/26,"1,080.80"
2018/03/27,"1,081.20"
2018/03/28,"1,072.20"
2018/03/29,"1,069.40"
2018/03/30,"1,066.50"
2018/03/31,""
2018/04/01,""
2018/04/02,"1,064.40"
2018/04/03,"1,058.10"
2018/04/04,"1,057.80"
2018/04/05,"1,057.60"
2018/04/06,"1,059.50"
2018/04/07,""
2018/04/08,""
2018/04/09,"1,066.00"
2018/04/10,"1,067.50"
2018/04/11,"1,067.70"
2018/04/12,"1,066.40"
2018/04/13,"1,068.70"
2018/04/14,""
2018/04/15,""
2018/04/16,"1,070.00"
2018/04/17,"1,073.10"
2018/04/18,"1,068.40"
2018/04/19,"1,066.50"
2018/04/20,"1,063.50"
2018/04/21,""
2018/04/22,""
2018/04/23,"1,067.30"
2018/04/24,"1,068.90"
2018/04/25,"1,076.90"
2018/04/26,"1,078.70"
2018/04/27,"1,079.70"
2018/04/28,""
2018/04/29,""
2018/04/30,"1,076.20"
2018/05/01,""
2018/05/02,"1,067.50"
2018/05/03,"1,074.90"
2018/05/04,"1,076.50"
2018/05/05,""
2018/05/06,""
2018/05/07,""
2018/05/08,"1,076.70"
2018/05/09,"1,078.20"
2018/05/10,"1,081.30"
2018/05/11,"1,075.30"
2018/05/12,""
2018/05/13,""
2018/05/14,"1,068.60"
2018/05/15,"1,066.60"
2018/05/16,"1,072.60"
2018/05/17,"1,078.70"
2018/05/18,"1,079.30"
2018/05/19,""
2018/05/20,""
2018/05/21,"1,080.00"
2018/05/22,""
2018/05/23,"1,083.80"
2018/05/24,"1,078.80"
2018/05/25,"1,079.70"
2018/05/26,""
2018/05/27,""
2018/05/28,"1,078.70"
2018/05/29,"1,073.20"
2018/05/30,"1,076.10"
2018/05/31,"1,081.30"
2018/06/01,"1,076.40"
2018/06/02,""
2018/06/03,""
2018/06/04,"1,076.00"
2018/06/05,"1,070.90"
2018/06/06,""
2018/06/07,"1,069.60"
2018/06/08,"1,067.90"
2018/06/09,""
2018/06/10,""
2018/06/11,"1,073.20"
2018/06/12,"1,073.50"
2018/06/13,""
2018/06/14,"1,075.10"
2018/06/15,"1,082.50"
2018/06/16,""
2018/06/17,""
2018/06/18,"1,091.40"
2018/06/19,"1,104.40"
2018/06/20,"1,105.50"
2018/06/21,"1,108.00"
2018/06/22,"1,109.00"
2018/06/23,""
2018/06/24,""
2018/06/25,"1,108.90"
2018/06/26,"1,116.10"
2018/06/27,"1,115.20"
2018/06/28,"1,117.90"
2018/06/29,"1,121.70"
2018/06/30,""
2018/07/01,""
2018/07/02,"1,117.20"
2018/07/03,"1,117.40"
2018/07/04,"1,121.10"
2018/07/05,"1,115.30"
2018/07/06,"1,118.40"
2018/07/07,""
2018/07/08,""
2018/07/09,"1,117.80"
2018/07/10,"1,112.30"
2018/07/11,"1,113.80"
2018/07/12,"1,120.80"
2018/07/13,"1,127.80"
2018/07/14,""
2018/07/15,""
2018/07/16,"1,123.40"
2018/07/17,"1,128.70"
2018/07/18,"1,125.20"
2018/07/19,"1,128.90"
2018/07/20,"1,131.20"
2018/07/21,""
2018/07/22,""
2018/07/23,"1,134.80"
2018/07/24,"1,128.50"
2018/07/25,"1,135.20"
2018/07/26,"1,127.50"
2018/07/27,"1,119.60"
2018/07/28,""
2018/07/29,""
2018/07/30,"1,120.00"
2018/07/31,"1,116.70"
2018/08/01,"1,117.90"
2018/08/02,"1,119.30"
2018/08/03,"1,122.60"
2018/08/04,""
2018/08/05,""
2018/08/06,"1,128.10"
2018/08/07,"1,123.50"
2018/08/08,"1,125.70"
2018/08/09,"1,118.80"
2018/08/10,"1,117.90"
2018/08/11,""
2018/08/12,""
2018/08/13,"1,126.30"
2018/08/14,"1,133.70"
2018/08/15,""
2018/08/16,"1,132.10"
2018/08/17,"1,130.70"
2018/08/18,""
2018/08/19,""
2018/08/20,"1,125.60"
2018/08/21,"1,121.70"
2018/08/22,"1,118.20"
2018/08/23,"1,118.70"
2018/08/24,"1,120.80"
2018/08/25,""
2018/08/26,""
2018/08/27,"1,121.80"
2018/08/28,"1,114.30"
2018/08/29,"1,110.00"
2018/08/30,"1,108.80"
2018/08/31,"1,108.80"
2018/09/01,""
2018/09/02,""
2018/09/03,"1,113.30"
2018/09/04,"1,113.50"
2018/09/05,"1,114.20"
2018/09/06,"1,117.60"
2018/09/07,"1,121.20"
2018/09/08,""
2018/09/09,""
2018/09/10,"1,123.10"
2018/09/11,"1,128.10"
2018/09/12,"1,126.80"
2018/09/13,"1,127.30"
2018/09/14,"1,121.20"
2018/09/15,""
2018/09/16,""
2018/09/17,"1,119.20"
2018/09/18,"1,126.20"
2018/09/19,"1,126.30"
2018/09/20,"1,123.00"
2018/09/21,"1,119.90"
2018/09/22,""
2018/09/23,""
2018/09/24,""
2018/09/25,""
2018/09/26,""
2018/09/27,"1,116.60"
2018/09/28,"1,112.70"
2018/09/29,""
2018/09/30,""
2018/10/01,"1,110.20"
2018/10/02,"1,110.90"
2018/10/03,""
2018/10/04,"1,116.40"
2018/10/05,"1,128.30"
2018/10/06,""
2018/10/07,""
2018/10/08,"1,130.70"
2018/10/09,""
2018/10/10,"1,131.70"
2018/10/11,"1,132.50"
2018/10/12,"1,142.50"
2018/10/13,""
2018/10/14,""
2018/10/15,"1,133.30"
2018/10/16,"1,133.40"
2018/10/17,"1,128.10"
2018/10/18,"1,125.00"
2018/10/19,"1,132.60"
2018/10/20,""
2018/10/21,""
2018/10/22,"1,134.30"
2018/10/23,"1,130.90"
2018/10/24,"1,135.80"
2018/10/25,"1,132.20"
2018/10/26,"1,138.50"
2018/10/27,""
2018/10/28,""
2018/10/29,"1,140.60"
2018/10/30,"1,138.60"
2018/10/31,"1,140.60"
2018/11/01,"1,139.20"
2018/11/02,"1,138.80"
2018/11/03,""
2018/11/04,""
2018/11/05,"1,125.50"
2018/11/06,"1,122.70"
2018/11/07,"1,122.50"
2018/11/08,"1,120.90"
2018/11/09,"1,118.40"
2018/11/10,""
2018/11/11,""
2018/11/12,"1,125.70"
2018/11/13,"1,132.00"
2018/11/14,"1,135.70"
2018/11/15,"1,132.40"
2018/11/16,"1,130.30"
2018/11/17,""
2018/11/18,""
2018/11/19,"1,128.70"
2018/11/20,"1,127.40"
2018/11/21,"1,127.50"
2018/11/22,"1,131.30"
2018/11/23,"1,129.00"
2018/11/24,""
2018/11/25,""
2018/11/26,"1,130.50"
2018/11/27,"1,129.90"
2018/11/28,"1,129.70"
2018/11/29,"1,128.90"
2018/11/30,"1,121.80"
2018/12/01,""
2018/12/02,""
2018/12/03,"1,120.30"
2018/12/04,"1,113.70"
2018/12/05,"1,109.80"
2018/12/06,"1,113.60"
2018/12/07,"1,117.80"
2018/12/08,""
2018/12/09,""
2018/12/10,"1,118.20"
2018/12/11,"1,124.70"
2018/12/12,"1,129.40"
2018/12/13,"1,127.60"
2018/12/14,"1,124.00"
2018/12/15,""
2018/12/16,""
2018/12/17,"1,129.20"
2018/12/18,"1,131.60"
2018/12/19,"1,129.90"
2018/12/20,"1,125.10"
2018/12/21,"1,128.90"
2018/12/22,""
2018/12/23,""
2018/12/24,"1,123.90"
2018/12/25,""
2018/12/26,"1,125.20"
2018/12/27,"1,125.60"
2018/12/28,"1,121.30"
2018/12/29,""
2018/12/30,""
2018/12/31,"1,118.10"
2019/01/01,""
2019/01/02,"1,118.10"
2019/01/03,"1,119.00"
2019/01/04,"1,127.50"
2019/01/05,""
2019/01/06,""
2019/01/07,"1,125.20"
2019/01/08,"1,118.00"
2019/01/09,"1,121.70"
2019/01/10,"1,121.60"
2019/01/11,"1,118.90"
2019/01/12,""
2019/01/13,""
2019/01/14,"1,117.60"
2019/01/15,"1,121.40"
2019/01/16,"1,120.10"
2019/01/17,"1,122.00"
2019/01/18,"1,121.40"
2019/01/19,""
2019/01/20,""
2019/01/21,"1,121.30"
2019/01/22,"1,126.50"
2019/01/23,"1,130.20"
2019/01/24,"1,128.20"
2019/01/25,"1,128.00"
2019/01/26,""
2019/01/27,""
2019/01/28,"1,125.10"
2019/01/29,"1,116.90"
2019/01/30,"1,118.10"
2019/01/31,"1,117.20"
2019/02/01,"1,111.60"
2019/02/02,""
2019/02/03,""
2019/02/04,""
2019/02/05,""
2019/02/06,""
2019/02/07,"1,116.80"
2019/02/08,"1,123.40"
2019/02/09,""
2019/02/10,""
2019/02/11,"1,124.50"
2019/02/12,"1,124.50"
2019/02/13,"1,124.60"
2019/02/14,"1,121.70"
2019/02/15,"1,125.00"
2019/02/16,""
2019/02/17,""
2019/02/18,"1,127.70"
2019/02/19,"1,124.70"
2019/02/20,"1,127.50"
2019/02/21,"1,122.60"
2019/02/22,"1,124.40"
2019/02/23,""
2019/02/24,""
2019/02/25,"1,125.70"
2019/02/26,"1,120.80"
2019/02/27,"1,118.30"
2019/02/28,"1,117.80"
2019/03/01,""
2019/03/02,""
2019/03/03,""
2019/03/04,"1,119.90"
2019/03/05,"1,125.00"
2019/03/06,"1,125.80"
2019/03/07,"1,127.80"
2019/03/08,"1,128.30"
2019/03/09,""
2019/03/10,""
2019/03/11,"1,134.00"
2019/03/12,"1,134.50"
2019/03/13,"1,128.70"
2019/03/14,"1,131.50"
2019/03/15,"1,132.70"
2019/03/16,""
2019/03/17,""
2019/03/18,"1,136.10"
2019/03/19,"1,133.70"
2019/03/20,"1,130.90"
2019/03/21,"1,130.40"
2019/03/22,"1,125.80"
2019/03/23,""
2019/03/24,""
2019/03/25,"1,129.80"
2019/03/26,"1,134.90"
2019/03/27,"1,132.10"
2019/03/28,"1,134.70"
2019/03/29,"1,137.80"
2019/03/30,""
2019/03/31,""
2019/04/01,"1,136.10"
2019/04/02,"1,132.70"
2019/04/03,"1,135.80"
2019/04/04,"1,134.90"
2019/04/05,"1,135.50"
2019/04/06,""
2019/04/07,""
2019/04/08,"1,136.40"
2019/04/09,"1,141.40"
2019/04/10,"1,142.80"
2019/04/11,"1,141.20"
2019/04/12,"1,139.20"
2019/04/13,""
2019/04/14,""
2019/04/15,"1,140.50"
2019/04/16,"1,133.90"
2019/04/17,"1,135.70"
2019/04/18,"1,136.10"
2019/04/19,"1,136.20"
2019/04/20,""
2019/04/21,""
2019/04/22,"1,137.10"
2019/04/23,"1,140.80"
2019/04/24,"1,141.10"
2019/04/25,"1,146.90"
2019/04/26,"1,158.70"
2019/04/27,""
2019/04/28,""
2019/04/29,"1,159.70"
2019/04/30,"1,158.20"
2019/05/01,""
2019/05/02,"1,163.80"
2019/05/03,"1,163.90"
2019/05/04,""
2019/05/05,""
2019/05/06,""
2019/05/07,"1,169.40"
2019/05/08,"1,169.80"
2019/05/09,"1,169.90"
2019/05/10,"1,175.80"
2019/05/11,""
2019/05/12,""
2019/05/13,"1,178.10"
2019/05/14,"1,183.10"
2019/05/15,"1,187.00"
2019/05/16,"1,189.40"
2019/05/17,"1,189.80"
2019/05/18,""
2019/05/19,""
2019/05/20,"1,192.70"
2019/05/21,"1,192.90"
2019/05/22,"1,193.30"
2019/05/23,"1,194.60"
2019/05/24,"1,191.20"
2019/05/25,""
2019/05/26,""
2019/05/27,"1,189.60"
2019/05/28,"1,184.10"
2019/05/29,"1,187.60"
2019/05/30,"1,193.10"
2019/05/31,"1,190.00"
2019/06/01,""
2019/06/02,""
2019/06/03,"1,191.20"
2019/06/04,"1,183.00"
2019/06/05,"1,181.50"
2019/06/06,""
2019/06/07,"1,179.80"
2019/06/08,""
2019/06/09,""
2019/06/10,"1,179.50"
2019/06/11,"1,184.00"
2019/06/12,"1,181.70"
